0
1
623
1422
1826
1909
1905
1768
1738
1734
1771
1768
1723
1726
1699
1684
1690
1590
1493
1418
1421
1427
1269
1295
1373
1421
1437
1412
1389
1368
1321
1318
1248
1228
1246
1264
1254
1100
1118
1128
1139
1176
1187
1203
1199
1157
1073
923
923
965
1011
1053
983
966
955
1006
963
894
886
878
832
784
686
758
821
834
845
843
813
769
729
770
789
725
677
640
646
509
567
641
689
637
559
521
537
565
514
396
418
451
480
501
430
455
528
556
495
413
413
447
452
475
436
467
521
508
473
362
379
412
442
474
480
447
450
483
502
387
418
500
521
515
397
342
293
296
380
458
514
511
477
427
243
228
313
385
411
380
357
360
375
403
401
439
431
397
358
215
240
277
360
387
444
417
399
411
395
340
335
364
361
350
271
336
389
435
435
425
480
451
480
499
372
351
440
473
502
403
421
448
443
443
417
416
387
416
387
272
271
329
356
347
336
425
436
407
403
377
387
415
425
390
251
320
409
456
427
424
401
412
471
483
405
415
388
357
370
263
260
293
363
427
500
413
407
436
443
328
339
376
369
394
335
389
469
503
447
377
396
419
416
387
351
379
397
397
427
396
365
348
379
379
361
364
391
417
442
319
335
341
324
383
424
417
412
399
415
353
375
367
357
378
271
296
333
396
431
461
445
439
471
455
296
263
348
397
418
339
404
437
467
467
413
364
335
376
419
392
459
488
461
438
347
313
373
403
451
465
432
435
460
371
228
259
317
388
423
408
405
384
399
427
417
447
411
369
374
283
312
325
352
383
413
449
483
475
467
389
419
452
481
486
347
344
377
372
411
389
361
391
424
447
380
347
344
417
474
359
337
396
451
491
461
460
423
360
371
316
343
409
437
486
460
461
484
507
475
401
412
423
436
430
259
272
361
436
435
408
385
416
447
471
409
431
472
469
430
287
312
389
451
423
401
433
467
448
455
356
359
392
421
418
279
237
297
383
415
421
428
399
372
343
316
383
413
445
434
419
425
436
467
459
437
440
427
449
418
236
279
369
444
471
404
369
396
407
395
325
307
339
389
470
379
352
329
416
451
420
409
451
471
415
329
383
424
457
450
347
376
369
391
391
417
388
359
388
415
360
435
517
476
429
314
296
323
318
354
384
411
434
403
370
263
290
356
384
362
327
360
403
370
366
340
350
378
396
389
254
267
356
427
458
459
444
423
430
426
344
338
367
372
417
310
307
340
371
402
428
456
442
415
422
323
334
371
400
425
342
352
411
446
426
396
379
406
439
462
351
366
448
480
469
423
392
415
446
478
448
443
454
460
453
270
227
276
363
414
399
428
431
418
414
352
334
406
436
457
318
359
416
419
386
355
344
374
426
426
327
330
375
384
405
302
248
296
398
462
408
359
354
347
394
367
398
463
484
461
403
427
400
430
430
400
355
370
400
434
350
318
336
367
366
351
348
315
330
358
348
378
410
424
389
238
259
316
383
402
372
364
398
426
498
443
418
431
460
469
318
255
244
314
354
372
399
394
467
474
315
310
427
460
433
358
372
431
466
458
428
435
438
443
410
351
378
396
396
394
407
412
395
422
426
384
355
362
360
353
230
247
304
331
358
359
396
398
326
318
196
190
283
400
469
354
343
368
339
366
392
424
458
490
474
315
258
283
320
405
334
340
372
394
366
356
415
394
419
402
291
302
368
460
512
453
435
450
393
377
351
346
373
363
349
301
329
407
470
413
386
419
422
437
465
435
409
409
435
460
281
242
307
394
429
399
391
345
345
365
291
345
386
383
368
297
303
391
413
413
475
490
425
402
429
334
325
382
427
436
321
287
350
421
413
387
410
433
430
456
342
309
327
386
436
414
419
386
361
409
399
410
381
359
380
257
274
363
398
421
390
371
426
441
393
315
349
370
367
396
349
382
415
445
417
382
323
345
382
405
306
309
342
379
436
337
343
375
369
401
431
458
453
422
429
318
333
391
391
409
382
399
366
337
325
331
362
429
419
385
277
321
391
418
445
430
475
502
489
433
363
389
389
379
404
333
374
431
442
409
378
339
381
441
441
383
393
422
419
408
329
359
375
397
457
495
482
453
426
393
266
241
271
363
416
385
403
430
425
421
419
386
393
363
404
350
349
355
358
385
358
363
390
413
381
311
321
349
415
436
285
294
359
422
453
458
447
434
461
461
383
417
450
479
500
393
390
375
385
413
439
423
397
414
437
366
400
406
423
412
301
299
338
393
445
475
490
457
430
393
302
329
355
442
425
438
467
470
469
441
399
410
421
427
448
325
298
327
354
385
386
439
442
413
381
319
341
373
399
408
265
290
323
377
409
435
467
497
461
385
287
317
350
379
392
309
314
343
377
405
431
446
417
406
393
306
305
371
462
412
338
383
410
441
433
439
442
449
419
385
277
293
371
462
477
450
423
390
377
405
395
429
457
495
456
257
238
303
366
385
355
383
378
405
441
359
353
386
427
448
349
346
359
381
409
459
431
465
406
337
202
245
302
347
344
253
279
338
373
409
407
410
377
374
401
346
373
438
439
429
414
443
458
421
357
323
354
393
359
352
229
246
303
370
429
406
375
346
373
397
335
321
393
399
404
321
354
347
418
461
427
399
353
385
393
294
297
298
383
432
289
283
315
397
405
371
339
401
446
465
354
317
323
355
385
385
411
438
469
445
411
414
413
419
412
249
233
335
438
465
438
415
418
417
377
319
401
422
435
460
313
294
331
418
469
415
407
441
441
381
295
325
354
359
388
345
350
383
377
377
391
363
417
458
473
378
337
366
399
396
337
355
386
417
433
347
322
353
382
389
282
309
375
407
445
418
387
410
433
429
371
346
357
375
396
261
282
339
382
461
462
479
449
429
393
311
353
446
439
392
269
318
411
465
445
391
359
333
310
369
362
389
422
451
448
341
299
359
401
393
363
390
445
422
349
314
325
331
363
388
314
343
370
401
401
379
410
437
463
488
345
302
307
290
321
322
371
461
473
433
331
357
429
435
408
233
218
311
374
437
463
447
417
433
433
335
365
358
391
412
329
327
359
385
357
375
402
433
410
377
290
325
414
447
472
385
343
315
345
389
387
354
369
398
405
298
329
363
395
429
442
475
478
449
477
419
429
457
471
436
253
218
307
390
405
434
435
429
397
385
335
365
398
395
372
329
386
431
453
453
419
387
381
417
441
374
385
418
403
376
277
302
331
333
365
395
418
393
398
408
294
261
287
379
468
402
383
394
453
485
455
426
453
478
440
293
365
423
450
449
422
439
469
441
417
415
409
381
387
408
301
326
319
350
377
403
423
405
437
461
371
397
426
475
496
353
299
291
373
433
439
450
477
446
377
282
353
435
435
412
353
371
398
429
457
463
490
515
496
496
294
233
275
358
385
370
403
406
413
409
383
385
385
403
424
277
262
355
418
445
462
407
381
353
373
319
349
330
303
276
249
338
375
409
409
415
383
377
410
409
294
305
334
367
392
333
339
338
361
405
411
434
457
454
460
294
309
387
387
377
350
319
326
325
321
303
334
373
351
372
249
262
291
386
457
458
443
414
421
393
331
325
354
359
352
229
226
259
290
365
443
475
457
430
421
323
353
354
383
380
269
287
379
421
421
411
438
433
366
337
310
341
399
431
420
334
323
390
417
405
431
462
433
438
404
221
206
291
378
465
442
415
386
353
349
279
301
333
359
424
313
294
339
394
453
442
403
433
433
401
343
373
366
399
448
405
411
443
429
401
419
442
437
438
425
338
309
306
299
388
417
423
395
425
457
427
446
421
451
464
298
297
375
455
433
358
327
294
301
305
295
365
425
455
400
277
318
407
418
389
362
335
346
413
437
403
576
906
1293
1674
1802
2062
2105
1937
1734
1498
1311
1113
876
664
408
350
375
308
221
62
-20
-48
-74
-102
-176
-213
-230
-293
-318
-369
-370
-373
-413
-462
-481
-476
-461
-454
-498
-499
-448
-441
-491
-497
-547
-527
-468
-405
-406
-449
-408
-381
-382
-338
-384
-374
-373
-368
-355
-470
-429
-352
-277
-250
-221
-220
-218
-225
-202
-257
-230
-177
-128
-150
-234
-228
-168
-114
-94
-96
-85
-22
31
74
-37
-82
-48
44
53
-6
24
79
74
66
64
31
22
51
74
26
26
68
151
178
91
96
99
98
66
40
74
134
188
209
26
-13
-16
111
82
103
219
103
154
114
80
309
-3
214
165
26
182
5
27
404
-24
402
210
163
218
87
98
322
150
357
94
207
125
225
63
131
103
241
53
272
-60
78
112
21
145
210
46
266
74
51
257
-72
185
187
156
43
78
54
317
22
346
29
178
15
117
25
82
-53
230
-83
89
-44
27
178
3
100
163
42
179
158
-4
233
-103
227
18
177
37
63
75
131
25
302
18
182
10
38
205
-99
223
198
106
112
43
22
142
-47
321
19
266
82
2
149
-43
76
178
8
187
59
50
234
-67
365
155
184
253
54
298
128
55
349
-3
187
83
35
166
-151
125
91
12
133
-90
55
-55
30
178
-51
60
98
119
186
-76
-2
138
-27
-22
-18
151
36
38
206
136
130
50
88
165
-1
62
112
180
230
143
88
111
178
198
88
59
62
80
57
-54
-37
88
135
166
167
144
154
134
66
79
82
107
132
97
-18
63
116
67
106
88
124
66
106
70
11
-38
63
68
113
74
28
60
62
54
36
55
94
191
170
75
58
68
155
122
122
152
107
46
-2
24
55
162
203
137
6
-9
56
119
162
103
148
115
98
134
48
70
63
112
165
-10
39
96
131
110
75
68
142
102
114
68
94
135
108
49
-22
16
60
70
150
136
91
62
75
94
3
-6
71
107
85
118
68
52
142
75
72
95
90
119
42
-101
-46
83
60
134
131
84
31
146
114
40
59
102
88
-7
-54
-1
67
179
83
135
77
87
257
28
484
297
318
136
48
207
129
267
304
459
350
393
164
117
76
49
68
69
81
55
16
58
98
132
124
42
49
44
53
16
-27
-8
22
54
115
156
111
145
120
196
138
196
140
117
60
-72
-19
30
145
104
81
86
141
140
88
45
48
97
102
47
-68
-43
37
108
68
26
82
64
80
92
53
56
81
106
47
32
61
62
116
212
238
158
160
101
84
-23
-48
73
146
155
97
90
58
112
156
15
45
40
10
75
-56
-163
98
-61
40
177
178
169
40
207
45
-32
95
-23
-5
-56
-27
101
69
108
58
94
124
33
180
-61
-16
65
-6
31
-76
52
13
-24
132
-2
73
80
110
135
-71
84
65
-10
55
-79
55
-33
36
72
3
181
136
235
96
17
144
-5
89
68
52
108
-3
187
33
30
9
53
203
19
-28
16
-102
-11
4
196
51
69
104
-24
-27
-24
131
152
59
159
-30
-21
25
37
221
2
175
144
36
-3
-88
205
16
59
-23
-141
92
16
151
40
13
219
34
108
5
-8
121
-33
195
12
-26
45
-4
137
-207
37
92
-37
135
16
255
65
13
155
-26
74
-19
-5
43
-70
179
28
141
127
-131
110
-115
113
53
-9
149
8
251
-3
105
315
-53
157
31
146
155
86
403
9
140
46
-4
217
-4
110
76
82
130
-40
253
89
283
344
53
205
41
347
162
283
388
6
332
173
266
224
85
426
56
199
86
65
191
-94
234
44
-20
51
-17
156
-176
13
236
-88
96
13
203
6
64
391
9
61
133
168
203
-75
73
40
33
44
-81
56
-114
-10
155
56
66
66
76
84
-6
53
116
94
36
-71
-12
-6
121
123
65
106
149
164
136
82
85
104
125
16
-12
17
42
97
104
81
46
77
124
164
117
92
117
122
83
-44
-19
2
45
32
38
50
44
104
140
42
104
97
106
147
72
18
105
92
136
190
93
52
153
156
53
44
134
154
123
48
74
90
120
136
122
57
64
26
91
-51
-8
82
34
60
45
42
49
100
64
5
-12
64
18
103
-36
-11
106
189
132
78
110
72
72
60
2
104
153
134
115
-84
-58
54
108
88
82
110
104
105
116
17
91
109
54
71
76
158
22
16
136
59
65
76
177
108
-63
48
114
-22
0
85
177
-3
-44
156
34
9
112
117
28
-175
9
145
26
20
6
102
85
-4
160
46
-44
32
62
211
24
-18
122
89
72
97
169
204
49
-11
-47
-37
25
85
119
80
38
158
200
124
78
105
175
109
-28
-15
64
114
185
187
77
22
49
120
128
106
93
24
98
147
-43
-36
66
82
120
121
158
89
-24
28
-42
-28
32
74
191
52
45
6
89
188
158
206
168
124
88
5
28
73
93
51
4
34
106
124
52
34
62
116
121
100
25
-20
37
74
123
84
106
114
144
164
162
149
212
257
176
45
60
113
145
144
77
117
78
140
144
6
-11
48
54
103
-8
9
110
137
176
113
62
37
40
72
-30
-8
-3
-6
11
-4
29
114
173
144
50
45
52
69
44
5
48
77
58
75
-8
38
98
128
120
90
89
148
149
104
17
36
53
54
87
121
126
82
96
136
34
112
160
106
59
-83
4
22
-10
92
129
66
73
164
120
61
12
92
118
139
80
54
78
105
52
58
62
36
88
116
61
28
57
26
115
0
29
14
-15
76
150
66
76
105
124
73
96
153
126
71
12
6
22
124
96
50
41
-24
-30
4
-96
24
118
46
-44
72
27
161
104
48
74
144
72
87
179
-79
49
126
141
96
73
22
-7
48
111
-125
71
76
-54
107
52
61
153
57
-91
118
114
44
112
247
25
20
305
43
-1
84
140
68
-12
323
-95
97
116
46
187
-103
243
102
142
52
-157
129
-177
175
288
-1
249
44
295
-15
-24
419
-63
331
88
116
140
-87
342
-150
113
132
-57
270
-140
40
160
40
324
92
267
48
-32
427
-82
208
40
-91
305
-216
124
169
79
248
48
295
84
-5
499
77
235
96
-38
320
-235
140
348
39
359
175
218
193
-151
394
244
153
233
164
339
16
76
409
82
350
193
35
275
-127
88
430
160
383
259
0
271
124
-10
410
85
307
31
128
154
-58
51
235
-78
128
100
129
304
109
172
304
52
-51
-20
6
347
-48
-4
141
-22
8
68
18
199
-28
69
87
-151
75
86
101
167
9
89
101
0
60
-5
68
71
-75
15
-8
-19
81
26
152
176
1
-16
59
20
57
4
45
249
35
-40
-11
-18
36
88
-16
90
-71
-3
40
-66
16
97
76
111
-119
30
170
104
64
38
70
163
-9
84
25
16
-14
61
63
121
43
46
96
28
26
108
44
192
-84
-96
24
78
125
76
58
66
13
76
176
150
152
92
142
159
52
97
90
85
52
58
114
120
92
56
13
44
37
78
55
88
74
58
84
100
62
101
100
153
124
37
36
69
-18
63
60
42
74
160
132
118
85
120
78
28
-63
56
110
74
123
145
133
33
12
92
142
124
48
-14
87
24
29
66
132
88
86
50
100
128
172
-18
-36
5
34
103
-60
13
18
81
156
26
14
56
85
88
64
12
113
125
83
-20
57
-13
180
164
165
105
88
49
163
108
52
154
77
387
423
318
67
60
-7
86
121
113
177
175
-63
-31
41
141
100
50
114
189
112
147
-69
16
-16
-7
135
-4
-15
-49
161
36
103
49
159
155
17
50
40
73
125
135
44
52
75
152
-15
215
266
535
359
261
62
53
16
137
24
57
220
251
213
210
157
134
117
34
80
204
55
261
80
60
113
-8
173
160
26
216
38
105
184
100
-31
-101
73
-179
112
73
-24
144
81
105
-152
13
-153
10
164
-95
14
229
42
41
56
185
-114
22
56
-114
-147
25
4
81
29
160
171
340
34
7
-13
-19
126
-51
16
-123
-25
55
132
-124
-58
24
196
1
-4
113
157
67
68
-141
301
199
-33
1
106
98
-38
49
57
261
34
54
154
156
-51
30
51
125
49
4
35
89
-15
37
-33
104
-42
-60
80
49
-25
71
65
232
66
-9
109
59
-3
-14
-74
145
70
76
126
76
66
105
62
83
-10
84
238
33
-43
2
49
104
-39
10
141
-90
-7
61
76
110
-45
76
220
-79
-18
39
90
157
-72
39
137
-86
45
71
160
153
35
96
60
-38
62
117
76
105
-50
124
285
61
-2
73
98
82
52
93
134
-13
1
73
58
85
-3
95
144
-122
-35
86
34
53
-42
55
106
33
93
131
117
61
-25
-40
-27
-26
26
74
149
185
48
98
220
165
59
125
87
170
16
-127
62
135
54
61
151
206
33
-50
89
66
41
90
123
132
1
-92
59
193
133
48
50
104
166
105
18
61
70
-13
96
97
43
-29
-19
105
99
70
65
102
112
-86
6
111
146
85
74
127
90
65
185
131
77
58
143
140
-35
30
47
18
-63
-57
31
1
-26
65
26
37
122
115
132
-39
-2
3
125
97
43
79
93
66
81
54
113
103
95
124
69
110
43
25
109
47
78
133
43
9
-94
25
111
126
105
54
51
50
21
85
99
34
17
55
100
5
-22
78
118
149
146
139
133
101
93
63
73
62
95
96
13
14
90
97
77
31
51
85
26
-7
-78
-11
50
83
124
65
87
118
129
153
107
70
73
86
77
18
-3
-17
19
108
42
47
74
89
113
115
110
137
99
92
-15
-30
83
134
133
75
79
82
17
49
58
81
98
71
84
29
19
111
197
137
162
103
89
114
121
78
5
-10
71
48
21
31
87
141
81
71
130
81
38
89
2
29
95
159
148
53
-1
7
37
57
51
58
-83
7
124
37
65
79
-4
121
98
39
46
37
212
9
113
-26
149
147
-42
49
-127
0
356
73
313
292
126
29
-109
9
27
0
164
17
-115
205
97
-39
-6
132
45
239
54
2
57
-27
225
13
-3
15
-72
65
-23
186
118
-23
21
-96
49
-50
-45
90
13
-22
68
114
-59
73
134
-94
33
131
104
-119
-22
27
6
-11
146
155
46
81
233
238
37
6
183
180
-3
54
72
133
-75
-113
23
73
50
101
74
93
-34
-60
100
17
-53
63
105
133
51
119
260
134
33
-18
-35
58
-2
72
129
7
-45
77
125
50
-102
-87
154
25
-94
-2
123
189
9
11
199
-6
-87
61
95
125
-51
-40
152
-47
-102
3
66
101
-30
35
189
94
-15
-14
13
81
-49
16
89
-17
-77
-6
18
146
6
-31
249
61
-174
-75
60
71
-75
1
178
59
-11
69
45
134
21
42
220
2
-55
31
83
165
-49
-33
162
193
37
43
97
177
32
-24
101
21
-145
26
196
182
75
-78
50
145
-172
-39
61
78
56
-107
66
186
-62
13
151
143
61
-50
53
189
-31
-81
59
32
77
-29
-17
172
61
-148
50
81
162
5
-193
73
63
-89
12
153
213
117
-79
37
203
86
117
134
116
-43
-222
-53
170
45
-69
83
95
149
-51
-204
85
193
7
-20
-150
-53
53
-10
61
206
-5
21
38
34
27
-23
-46
83
48
68
26
204
290
221
0
87
97
102
141
-85
204
111
51
80
74
115
98
41
65
71
122
161
83
57
-43
1
35
110
85
70
-17
-54
13
57
24
49
89
99
140
41
6
35
26
101
158
71
73
41
77
15
125
126
83
84
1
58
51
61
29
35
95
169
122
153
18
-59
-10
43
56
-31
-65
19
81
77
47
82
153
94
105
69
53
118
107
140
154
147
158
109
153
111
82
53
75
128
69
42
106
94
125
122
107
66
53
13
-45
-27
-26
31
80
73
22
31
62
109
43
43
168
-10
73
-10
-111
114
39
44
-15
-41
-26
1
88
2
212
286
377
457
677
418
319
-16
21
-53
35
32
54
98
64
114
86
132
181
38
14
87
116
158
126
21
99
102
70
16
98
47
84
109
-18
63
52
-5
42
-4
0
2
26
-54
15
70
-16
72
61
-46
24
48
26
3
203
-39
-10
27
26
11
10
-40
-40
-94
65
13
-52
22
78
48
99
130
99
125
18
-46
40
51
50
138
76
-36
18
-69
-88
-58
-66
-60
113
10
30
40
-96
6
104
-12
-77
58
54
31
50
-9
79
65
-66
15
100
47
58
-3
-4
34
102
58
-17
18
103
96
21
-38
71
12
-14
62
84
83
61
-25
74
-65
-42
20
124
89
66
0
-16
113
130
-16
-37
130
48
85
-121
-93
103
119
-6
39
111
20
94
26
-32
58
114
24
9
-62
-21
4
-41
-6
55
39
-6
86
98
59
78
39
36
69
-50
-124
8
26
-26
56
67
165
55
-18
-93
-46
19
104
38
-77
56
111
82
-10
43
-17
14
99
34
-58
-42
4
47
98
3
28
15
54
98
24
7
6
20
-23
-86
-29
68
75
58
31
64
38
38
18
-16
26
35
32
5
6
59
88
94
110
124
-24
-62
35
58
-9
-22
27
4
5
-42
-124
-68
14
2
52
35
58
55
34
-2
-14
-20
8
6
23
60
63
129
26
-16
-5
6
12
33
-74
3
68
75
58
-9
16
71
118
70
8
-18
-1
108
169
18
23
52
123
134
56
20
34
50
58
-68
2
107
80
-34
-66
7
20
38
26
16
63
66
-1
-2
-41
18
95
96
66
66
72
111
110
122
80
71
229
48
-26
-14
-89
-12
83
62
91
135
19
89
-49
98
-81
59
139
-59
-34
-181
-94
241
-110
128
80
26
50
-50
-152
93
-175
4
157
-58
130
-126
10
14
221
-98
317
-68
176
-215
33
40
138
146
333
414
114
337
3
215
106
284
138
461
104
194
5
102
58
-8
262
175
405
63
299
12
201
-31
-23
-78
-161
141
-44
213
-36
67
6
42
11
-66
74
-53
246
-3
-26
-45
147
23
58
84
-87
78
-129
2
-25
93
-72
-24
41
-117
-1
-92
-2
-50
59
-73
-59
94
-94
-30
-174
28
51
113
18
55
154
-50
170
-23
90
-66
30
-78
-142
65
-207
-2
-54
47
32
-41
85
-42
19
-145
-14
-16
-87
-110
-37
31
-41
134
52
68
110
50
34
15
105
-21
104
73
-30
20
68
174
130
75
-76
153
179
-18
-57
-22
-84
12
38
-153
91
127
-50
-90
-31
-41
61
99
-106
-165
-18
-52
-68
2
11
4
118
-22
-26
64
58
-73
-84
1
-62
7
12
-13
42
103
28
-14
46
102
56
66
43
16
101
30
-1
16
63
122
140
116
98
71
78
-48
-30
-29
0
-19
-98
-44
79
54
62
68
39
49
99
78
-13
30
48
91
38
51
80
91
78
70
8
39
86
164
142
-42
-26
-16
47
82
139
56
86
98
94
32
-21
18
24
45
-42
-1
16
35
66
91
84
158
134
74
-25
6
51
108
105
18
-44
0
62
-38
-32
72
126
103
118
-21
-10
51
44
61
62
88
75
46
78
84
39
58
104
114
6
6
60
96
110
23
28
95
102
98
32
42
102
144
69
-94
-73
44
91
146
64
76
70
70
22
-64
-10
95
104
89
10
15
-20
-17
2
-17
-76
-34
23
-10
-64
66
95
24
73
62
12
76
118
70
9
115
74
-20
6
-49
-70
-103
40
73
-25
32
47
46
22
24
7
10
40
109
-70
-29
67
-28
22
39
0
34
30
-62
39
102
11
60
-39
-130
-21
-5
-17
26
-48
40
42
-37
18
-5
-90
-5
112
85
70
-20
16
142
86
-7
138
-38
7
-6
-101
-7
-9
-152
21
7
13
183
130
122
108
55
86
156
-6
-38
42
-76
79
130
67
76
15
70
102
-32
-46
126
48
129
46
-96
35
-21
26
28
96
-25
158
22
-104
101
-25
24
49
-34
27
150
10
58
28
-119
2
-69
-102
-157
-162
3
-2
6
-74
154
-8
101
78
-11
67
26
123
86
141
-113
52
-4
25
110
-71
103
70
46
16
63
-33
-36
101
-133
15
-24
95
134
99
52
31
169
-22
31
26
19
63
-19
-30
-33
0
31
22
27
-60
2
3
30
-156
-86
39
36
101
-6
-25
-4
50
-29
8
-5
58
151
54
-18
-34
31
28
89
83
44
-48
10
70
-8
27
74
1
41
-38
7
48
76
90
51
9
47
109
-30
-71
46
102
96
73
-34
7
80
99
70
95
88
162
142
22
-73
-78
23
132
113
6
91
84
38
10
52
123
130
55
54
-13
-6
11
44
69
114
140
68
38
14
-36
7
-6
59
90
-10
-26
-20
-8
62
35
56
67
74
50
-8
10
78
76
89
-30
-9
24
19
50
80
96
70
82
82
-28
-34
3
80
101
2
-4
28
39
126
120
76
38
55
90
8
74
80
112
81
-78
-72
-8
34
6
12
11
22
95
109
-5
-22
56
139
130
127
116
127
177
58
20
51
82
60
113
-10
-26
40
143
186
103
24
-5
-22
22
20
14
71
136
157
-14
-49
16
82
98
116
103
22
39
38
-61
-50
83
116
145
74
92
116
50
-18
-56
-45
18
75
94
-21
-14
-28
44
133
134
76
103
98
78
20
71
114
143
109
-53
-41
-24
3
90
83
60
87
70
66
80
138
138
56
61
-30
-17
4
31
98
128
160
154
130
98
0
-6
39
108
97
-110
-65
-17
54
130
116
124
58
43
70
19
14
87
104
93
18
24
-9
-74
10
140
79
14
95
86
-29
-14
39
-16
-46
31
95
107
82
106
88
114
98
136
145
26
-1
64
99
90
79
56
27
86
142
48
30
23
88
121
-46
-93
-28
62
86
100
100
26
63
34
-124
-122
-37
8
13
-62
-36
55
110
134
104
123
150
67
-10
-77
-90
-25
40
58
71
88
119
114
86
20
7
38
24
14
-109
-38
12
12
38
47
88
83
110
142
64
38
98
104
41
-86
-65
67
39
54
43
32
66
74
118
28
30
23
20
33
-50
-45
-52
-10
78
116
163
98
71
38
-49
-22
7
12
-10
-10
24
111
162
82
32
35
86
75
-34
-141
-82
48
124
102
35
32
11
18
-42
-60
-5
82
144
109
-26
-5
36
71
86
59
60
27
-6
14
52
146
147
60
-31
-122
-13
20
-9
10
28
27
10
63
106
23
-34
15
68
89
38
36
16
46
58
48
55
30
27
54
-29
-2
36
96
126
102
108
135
130
102
60
70
42
20
53
-70
-58
51
115
114
71
64
59
82
138
52
26
19
24
29
-46
-21
51
47
58
76
68
50
66
58
-100
-74
-37
32
65
-82
-48
-16
26
46
67
39
42
35
-2
-53
18
143
96
85
-2
56
103
46
-6
72
67
42
72
81
-85
-46
-48
67
93
59
92
59
-26
6
40
110
150
104
65
-82
-29
8
3
54
32
104
51
18
18
-44
69
35
24
-15
-86
-9
56
90
106
64
48
138
127
126
71
78
28
100
49
-50
-84
-17
-14
-2
4
59
117
59
69
-45
-78
12
127
101
79
76
111
134
130
116
110
78
4
-3
-98
-81
8
75
158
135
68
78
30
26
11
-94
-81
-76
-19
-30
3
80
126
90
108
152
126
98
82
39
42
115
52
41
-10
16
48
82
98
80
63
125
159
186
15
-58
-20
80
105
106
100
67
98
90
64
59
90
131
57
-109
-94
-48
-5
86
111
60
103
114
62
16
30
46
96
113
-70
-61
32
59
58
40
128
134
55
30
28
58
43
48
85
18
47
80
74
58
84
143
42
-33
-6
-61
-30
12
83
37
-22
-36
-56
-42
34
104
127
122
188
138
-65
-66
28
76
114
147
132
107
340
119
-219
-38
86
72
57
-162
-50
-5
-219
157
96
-12
-37
130
-42
-9
-1
110
291
-70
-222
49
223
-81
-42
-129
-345
-599
-735
-860
-925
-891
-963
-936
-898
-914
-815
-744
-706
-655
-554
-454
-367
-306
-215
-178
-67
-9
50
89
122
187
230
317
369
407
438
425
487
507
420
480
536
556
599
610
636
640
600
581
506
526
544
542
547
434
460
493
522
546
533
499
469
469
437
371
349
386
363
380
333
359
387
405
429
411
355
325
318
309
174
193
279
315
332
273
255
286
261
277
283
258
217
242
189
22
65
167
191
161
86
91
118
101
97
87
121
149
127
92
-47
22
79
82
53
50
99
113
81
73
-5
49
98
95
56
-67
-70
-21
34
73
51
79
113
54
17
-66
-51
-50
-17
20
-51
-53
-53
-51
-19
-13
-58
-115
-117
-51
-106
-63
3
35
29
42
39
-34
-23
9
-5
26
29
-5
-40
-187
-170
-105
-38
21
-2
23
50
21
17
-45
-59
-66
-37
-16
-131
-142
-149
-118
-87
-57
-25
-35
-35
-11
-50
13
50
83
44
-119
-113
-54
-7
13
-21
-10
17
6
-11
-46
-19
6
35
72
14
-41
-89
-27
9
-13
-10
5
34
1
-107
-135
-165
-138
-47
-2
31
62
45
41
-29
-11
41
55
20
-131
-110
-53
2
81
111
79
30
69
93
35
65
46
-17
-48
-111
-53
-5
29
29
47
74
45
30
21
-106
-95
-38
51
100
9
-25
3
33
37
11
18
-11
-14
12
-78
-19
59
87
117
90
59
22
-3
25
3
38
85
103
96
-39
-82
-53
30
113
90
71
101
109
73
-45
-23
50
83
44
-79
-82
-41
49
117
143
174
97
53
17
-98
-95
-78
31
52
-31
-25
35
77
109
115
82
85
62
29
-58
-3
54
55
93
66
115
178
121
57
15
50
93
98
64
-102
-59
15
58
57
26
-41
-70
-47
-27
-69
-27
65
123
104
-47
-58
-21
66
137
110
79
61
93
93
35
65
110
163
168
29
-2
-5
29
29
-5
-33
21
98
125
58
65
34
23
44
-14
15
42
37
29
35
62
93
99
69
-39
-39
-13
15
45
34
3
26
97
177
151
126
133
103
96
-75
-66
-1
54
85
114
147
133
101
45
-45
-51
-18
11
72
-35
-38
-5
25
33
39
67
77
90
53
-78
-24
66
107
76
-39
-21
66
49
65
71
54
81
110
89
30
37
3
3
33
6
35
66
125
97
15
26
97
122
88
-59
-43
-13
14
73
102
95
110
81
77
35
109
141
147
108
-43
-62
-69
-14
57
82
55
37
69
77
-22
-19
14
47
68
-11
54
87
121
121
119
126
97
82
101
14
29
59
75
64
5
-29
-21
9
41
75
78
93
123
133
-11
-27
-1
26
25
-2
3
58
89
117
91
53
21
27
8
-95
-54
3
30
53
22
-9
2
65
65
-45
-51
38
95
100
-23
-26
7
41
69
99
127
85
38
5
-70
1
90
111
76
-39
-13
74
105
97
103
54
5
62
128
14
13
39
67
65
46
15
26
21
17
-1
-6
21
59
140
17
30
119
138
137
110
79
50
21
25
-33
21
21
11
32
-35
18
63
94
105
111
142
129
121
85
-14
-11
22
15
44
5
-17
15
49
49
39
66
97
130
109
14
1
58
59
49
22
27
54
144
173
147
114
81
51
17
-107
-90
-5
70
49
34
35
86
101
97
27
9
37
63
84
-55
-30
3
34
97
122
55
37
37
53
2
-3
70
103
108
5
34
83
137
137
91
34
29
62
53
-62
-43
46
83
80
5
23
50
45
77
83
86
61
91
101
-7
-7
31
91
89
58
63
74
85
113
47
29
29
47
40
-95
-110
15
86
97
34
7
18
85
89
11
45
78
75
52
-55
-58
-17
73
85
55
55
37
6
5
-18
9
42
27
32
-67
-41
50
53
53
35
6
9
42
21
-38
-11
55
115
140
58
27
10
37
13
-21
10
33
38
28
-119
-102
-13
62
57
42
75
78
65
81
39
69
101
107
68
-83
-78
19
74
41
47
79
73
113
97
-5
57
38
3
8
-131
-97
-5
9
69
87
58
29
70
105
-22
-63
2
35
60
-31
-49
18
49
81
51
74
101
130
81
-86
-87
-21
46
77
98
83
50
57
25
-45
-71
-71
-5
20
-71
-42
-13
-10
41
74
59
69
69
57
-5
-11
78
127
132
9
7
87
133
105
119
146
121
62
61
-6
5
94
139
108
5
19
79
149
141
111
110
77
74
97
30
57
95
63
57
86
83
66
73
9
-25
5
-7
22
16
-107
-90
-33
-18
-19
-22
7
37
65
89
27
-39
-22
11
24
-83
-58
19
70
97
123
155
109
42
25
-30
-27
22
19
16
-75
-69
19
61
61
51
66
69
46
61
10
25
82
55
36
37
51
58
29
53
75
78
77
47
13
-95
-51
67
110
109
50
23
22
29
25
-5
29
97
111
76
-79
-58
-1
26
49
46
19
-6
25
53
-2
-7
26
55
48
-51
-53
7
61
89
103
111
141
122
85
-30
-55
-21
51
48
5
71
98
93
85
55
54
69
126
137
22
21
39
38
21
58
71
78
81
73
47
42
49
67
60
-123
-110
-1
90
113
55
87
118
129
93
-29
-47
-14
75
120
-47
-74
3
58
121
138
79
65
57
21
-78
-67
26
71
68
-75
-117
-58
-23
53
111
98
129
106
73
-22
-47
-41
-9
68
41
31
58
89
81
59
62
49
78
44
-103
-102
-17
59
85
26
31
62
89
109
47
29
29
-25
-48
-99
-50
35
62
89
79
51
25
25
33
-26
-31
-2
31
52
-47
-41
11
65
65
83
70
65
98
85
-2
13
42
75
104
45
15
-13
17
61
59
26
1
30
25
-83
-115
-97
-26
61
50
55
58
73
121
63
5
-27
-9
12
-91
-22
35
22
89
118
151
137
105
69
-13
9
46
79
92
25
22
63
117
125
95
67
77
54
45
-85
-75
-18
27
52
1
31
31
5
21
39
58
81
78
57
-2
-15
51
111
93
62
43
50
53
53
31
34
53
71
36
-119
-74
19
46
69
42
23
50
61
69
67
93
65
35
12
-71
-38
-1
62
89
146
119
101
101
85
19
21
62
91
96
-47
-90
-97
-3
117
143
94
65
50
69
-18
5
34
27
68
69
95
106
41
81
79
50
17
14
20
-126
-95
-69
-41
-11
18
51
78
97
65
-5
17
77
115
20
-143
-122
-33
54
97
70
59
53
53
53
-29
25
82
115
108
1
-2
31
66
101
107
78
53
38
29
-114
-119
-2
11
44
-27
-9
50
85
117
91
114
137
78
45
-14
13
-1
58
89
102
131
142
109
105
75
10
-43
-77
-24
-87
-11
79
110
133
130
115
85
13
17
-45
-23
49
55
16
-107
-117
-29
61
73
78
79
73
86
93
-6
-3
30
103
100
-39
-13
78
73
73
63
90
85
110
129
42
29
55
87
116
57
75
102
97
121
95
66
65
35
56
-51
-35
23
50
109
86
59
30
45
65
-5
-23
9
35
16
-83
-14
39
66
97
126
139
113
113
97
-45
-51
-6
51
56
-67
-62
-29
5
5
23
11
65
106
93
6
21
50
83
120
121
138
87
57
93
91
90
105
110
77
-39
-99
-81
-21
64
78
143
162
137
141
51
25
5
-29
-8
-111
-42
23
50
73
70
55
66
97
69
-13
-27
10
75
96
-11
-14
-29
-18
69
134
75
97
90
89
18
49
82
67
40
-35
-25
35
77
69
59
86
113
118
85
26
69
154
182
148
70
39
22
49
25
-9
22
49
79
88
-59
-59
-29
26
25
-6
-29
-2
9
17
-13
21
113
127
28
-99
-58
-1
2
1
7
39
73
105
113
-1
1
46
63
24
-115
-109
-77
-43
-11
39
86
117
110
85
-38
-23
6
35
72
14
31
62
93
69
-13
10
41
70
41
-43
-15
43
70
61
46
75
78
45
13
-13
25
85
99
92
-43
-34
-1
2
33
62
91
85
85
89
7
61
118
115
88
-11
-14
19
53
61
27
35
45
18
-19
-90
-23
26
11
-16
-59
-21
66
101
93
63
34
9
66
101
-30
-107
-53
38
69
86
119
74
25
81
111
114
85
51
44
-127
-142
-53
34
85
54
35
66
97
109
-13
-31
2
67
88
-27
-62
-37
26
37
43
75
109
101
65
22
17
6
35
56
-27
-22
-21
21
113
163
130
101
126
109
22
-11
-6
15
64
65
71
26
-7
21
-1
30
49
54
76
-31
-31
-5
19
49
66
87
90
57
53
-17
-35
-7
59
80
-71
-50
43
122
133
102
75
49
49
49
-13
-19
54
111
108
-51
-77
11
93
93
111
143
137
110
109
42
49
46
79
116
57
23
22
17
9
-21
2
37
126
121
6
-11
55
82
57
70
99
106
73
69
55
50
57
79
72
-75
-62
3
90
161
158
171
106
17
-35
-57
-23
9
39
60
-47
2
95
141
149
114
55
77
106
97
-2
1
34
27
44
-23
-17
43
85
117
91
50
53
86
73
14
29
75
107
85
26
31
42
104
81
-1
-6
21
47
72
-70
-54
35
114
105
30
7
10
25
65
95
77
77
83
88
-27
-46
-45
-18
29
114
87
69
97
97
-17
-23
6
3
20
-63
-66
-17
65
65
71
82
113
158
169
42
-3
2
31
60
1
19
50
105
137
83
50
57
54
61
-46
13
131
175
204
118
63
26
29
57
-1
-19
9
27
24
-51
-38
27
74
65
38
55
90
149
105
-33
-59
10
67
32
-115
-118
-25
97
137
111
79
73
54
21
-94
-91
-34
11
76
-15
-49
11
53
45
51
78
105
110
77
-14
-27
39
99
128
86
91
58
61
93
71
90
101
71
48
-119
-74
39
62
61
34
15
46
113
93
-9
25
38
67
88
-27
-46
27
58
69
39
11
-7
25
25
-34
-31
10
15
36
-95
-149
-121
-35
17
67
138
109
78
45
-42
-27
39
79
76
17
7
30
25
69
103
130
145
115
120
-46
-47
19
50
77
62
47
70
101
121
51
25
25
39
44
-47
-18
15
82
65
35
35
69
97
69
-29
-35
-2
-5
12
-51
-22
27
81
109
127
95
89
122
113
-2
13
70
95
68
-7
-1
-1
53
133
115
118
81
19
5
-50
-7
71
103
81
38
43
14
-11
45
39
42
65
91
64
-119
-106
-17
74
133
134
127
157
109
17
-61
-27
45
51
28
-67
-18
75
118
149
167
139
61
18
41
-14
-11
22
55
52
-59
-53
-21
9
1
-33
-22
9
42
53
26
37
42
43
32
-10
-5
10
41
117
91
58
45
110
89
-79
-95
-61
-2
29
22
55
86
97
93
23
45
77
107
88
-63
-58
-1
26
85
19
7
29
29
49
-6
-39
-6
-9
-20
-51
-2
-9
25
85
135
106
77
90
21
-82
-63
42
91
148
61
27
55
85
77
47
42
109
138
164
50
49
79
106
96
50
19
42
73
101
75
49
17
35
56
-35
-2
87
134
105
102
115
90
61
73
11
33
105
103
60
-63
-65
27
82
149
167
134
49
2
1
-54
9
74
59
64
-67
-73
-13
29
61
91
118
145
94
9
-50
-7
74
75
92
34
39
50
77
65
43
74
97
102
96
-27
-54
-25
2
61
38
59
54
41
69
7
-11
22
107
136
-31
-10
43
86
101
122
35
45
69
33
-65
-35
-6
27
24
-115
-82
7
97
157
167
166
137
118
53
-34
-19
11
67
116
2
-41
-30
1
49
115
118
93
122
89
-18
9
35
67
133
106
111
114
85
53
-17
-19
-7
-1
-4
-95
-70
-13
14
45
102
119
93
61
57
-25
-51
-38
-9
64
21
18
95
141
149
119
87
61
74
65
-6
25
58
59
104
65
83
83
117
101
71
54
77
74
53
-62
-91
-33
27
93
105
111
126
93
65
31
26
-3
3
24
-99
-82
7
94
125
98
79
110
121
117
27
-11
5
11
-12
-103
-62
31
86
97
103
135
73
46
53
-46
-43
-10
19
40
-43
-37
50
85
113
139
122
65
-2
9
-18
9
75
135
124
66
91
114
85
65
11
-10
5
35
60
-47
-31
47
90
57
6
39
66
61
65
35
53
93
111
92
-59
-78
-13
50
109
99
79
53
53
57
-25
29
78
75
36
-67
-10
51
105
133
147
115
89
74
41
-74
-59
-29
63
76
17
23
23
57
89
59
30
41
70
96
-18
-19
7
39
77
90
87
54
29
57
39
70
101
159
180
9
-34
31
66
89
30
3
13
41
77
15
45
78
83
32
-99
-50
87
126
141
111
111
85
62
85
46
104
38
63
112
29
27
27
9
25
55
78
81
58
21
-66
-39
26
59
96
81
71
86
89
105
292
648
1059
1447
1717
1645
1631
1559
1390
1164
879
705
613
496
392
142
32
-28
-98
-177
-380
-399
-406
-403
-432
-467
-565
-568
-525
-541
-641
-659
-651
-631
-622
-671
-611
-587
-617
-603
-590
-536
-479
-524
-574
-602
-536
-473
-469
-490
-478
-432
-441
-430
-434
-432
-389
-362
-329
-302
-385
-354
-308
-261
-270
-245
-196
-173
-194
-230
-248
-154
-114
-108
-143
-282
-253
-136
-89
-118
-121
-88
-93
-66
-34
-57
-62
11
68
49
-58
-61
-28
-25
2
28
56
90
83
106
51
74
71
104
121
22
28
56
90
126
152
179
174
147
114
27
26
-16
68
106
79
120
147
174
206
180
151
182
112
69
-13
23
88
131
102
215
236
207
206
238
28
-82
18
147
49
34
270
156
87
162
180
208
146
150
110
135
106
134
64
153
122
20
192
170
42
214
20
2
266
142
-32
130
141
188
197
95
91
167
118
94
114
155
-14
124
229
42
-81
308
178
-282
317
-16
139
266
-161
-258
586
381
-73
681
109
142
759
212
-153
355
344
167
88
-191
333
665
121
504
497
-205
-290
422
239
-42
-184
-189
578
361
-234
305
519
-253
-53
479
208
-232
-133
0
56
177
-83
-49
169
8
-239
-68
110
93
-88
-64
22
69
-104
-311
-78
136
-28
-141
27
36
-23
-161
-15
176
157
-94
-227
0
72
-142
-112
64
125
-1
-136
-35
-30
5
-16
-26
77
0
-20
-36
-75
-84
-99
18
107
-52
-134
-47
12
52
42
41
12
29
36
-115
-144
-7
-22
7
-127
-26
85
-28
-64
-66
-27
-36
-31
-21
-195
-40
26
-3
-40
1
-22
-23
-24
32
-83
-96
116
70
15
-88
-63
-31
-35
32
-15
-54
-52
-92
-12
1
-116
17
-14
-241
-144
-82
18
-43
-52
-2
-98
-92
-3
-88
-231
-192
120
-15
-9
4
-264
77
112
-259
-158
-47
8
-94
-84
-88
-231
-106
73
36
-234
-14
9
-72
64
-137
-23
148
-6
-117
-112
-143
-132
12
-72
-3
30
144
-67
80
-123
-391
144
85
-305
-304
211
-72
44
-187
-9
151
124
-76
-324
-90
111
-166
-230
-97
-84
-281
-111
72
-19
-87
-70
4
-15
-100
-143
-52
-210
-78
303
-6
-142
-39
-276
67
173
-135
-72
-6
-128
-92
-179
-131
-131
-76
-31
-94
140
68
-124
-198
48
12
-53
19
-96
-179
29
-95
-304
69
22
-87
36
-36
-159
31
-150
-74
-17
-216
-94
132
-35
0
-69
-34
92
81
48
-206
-100
-59
-49
107
-83
-46
-118
-60
-48
-63
-95
16
13
47
-35
12
53
101
-16
-87
-42
-54
63
40
-201
-79
-28
-3
-85
-256
-243
24
-111
3
-35
65
-23
32
188
-161
-41
13
-201
-145
-33
-39
-226
-4
251
-69
-177
4
-63
-68
-162
-1
-59
-134
-33
40
-172
74
0
-88
-114
9
39
-126
19
-119
-211
124
-169
-41
219
67
604
197
-142
584
370
-557
140
330
234
-19
526
215
-213
598
143
-542
-132
181
38
6
110
310
-207
359
306
-407
-466
27
-6
211
-11
407
177
28
727
1
-379
-230
-53
-178
26
75
593
101
312
534
-367
-334
-269
-27
-15
-43
220
495
-28
566
304
-351
-282
-83
84
-14
-259
52
151
-124
607
197
-293
-146
-145
101
-24
-190
341
269
-123
511
7
-380
-32
-115
3
-84
-289
187
183
-212
422
-17
-395
-88
-186
-149
-130
-169
275
452
-68
522
159
-438
10
-191
-82
-91
-161
-54
358
-213
166
394
-403
-187
-144
-98
-52
-39
-271
167
29
-193
425
-112
-463
-106
-246
-39
-171
-126
-114
365
-154
21
290
-470
-242
-151
-241
-70
-317
-159
53
217
-350
-47
236
-288
-176
-102
-116
5
-202
-180
12
192
-472
64
97
-466
-27
-50
-220
-155
-307
-212
-206
53
-438
42
260
-420
-168
-103
-219
-66
-223
-239
-117
177
-470
88
165
-544
-147
57
-116
-15
-257
-229
-103
213
-442
-221
57
-509
-245
68
-233
-152
-282
-245
-138
72
-617
-233
303
-363
-257
105
-119
20
-91
-175
-320
235
-233
-206
259
-234
-388
191
-51
-70
-82
-120
-297
283
-186
-292
364
-90
-432
15
-34
-174
-84
-28
-215
276
-127
-400
318
-87
-576
-11
2
-127
-67
-71
-209
300
46
-342
233
121
-424
-116
-171
-110
-133
-176
-446
145
94
-409
112
45
-317
-367
29
-37
-200
-367
-370
26
116
-478
-184
249
-226
-448
153
3
-166
-237
-236
-103
10
-307
-295
169
46
-339
-117
-62
-73
-46
-320
-222
-160
4
-162
-297
186
7
-226
-126
-68
-37
-181
-83
-51
-162
-174
-439
-85
13
-189
-275
-14
-46
-134
-6
-166
42
14
-602
-282
59
-322
-252
23
180
-94
-232
75
202
-431
-272
451
-67
-542
-211
67
-71
-281
58
286
-459
-501
327
195
-602
-33
431
52
-368
147
180
-392
127
499
-179
-842
76
495
-34
-264
325
-167
-246
381
326
-463
-463
441
440
-133
164
224
-188
71
128
-182
-511
18
504
54
-189
179
4
-45
192
35
-440
-293
438
434
-139
-91
95
-236
9
176
-133
-440
-161
235
59
-463
-187
54
-45
125
188
-93
-297
-190
231
119
-306
-233
-29
-53
-63
57
-41
-264
-186
52
86
-132
-243
-96
107
25
-42
-217
-148
-71
4
47
-8
-19
12
43
67
5
7
71
61
26
-69
-16
29
24
67
117
57
-57
-44
23
0
7
32
17
22
-9
-7
-67
-41
-81
-20
48
19
44
63
-80
-49
-19
13
54
51
21
44
26
35
1
44
47
68
2
-144
-69
-27
-20
-21
-12
-19
12
-41
-65
-67
-25
39
29
26
-93
-108
-51
16
71
-3
-23
3
-17
-41
-92
-37
-16
-31
-66
-9
-72
-99
-97
-85
-16
27
42
-79
-76
-8
-73
-40
-11
-37
-73
-16
40
-32
56
38
80
-53
-6
-30
-112
-121
-196
-166
-66
7
-38
25
-5
-41
-124
-129
84
468
123
326
171
-358
-42
-77
-195
-63
75
-64
-37
72
-81
-37
16
58
229
436
29
508
196
-354
107
133
260
-306
41
152
-298
-247
83
179
-76
-96
33
44
-292
31
51
-214
-184
-389
15
-287
99
-132
227
-110
-52
366
173
125
240
-71
118
-199
219
355
-78
-156
-391
189
126
-182
-108
-52
36
223
-179
246
67
-127
213
-125
55
-76
-15
74
-110
284
73
179
-423
278
120
255
-135
32
-105
24
-255
-41
9
-160
-29
-223
-43
-12
-197
324
-68
-32
-238
35
-196
56
70
29
24
18
7
-39
-32
-136
124
-263
554
427
147
-34
-94
9
-98
150
450
-417
176
199
-76
-205
-106
78
-10
-201
340
224
-363
370
109
-98
-296
-129
109
-1
-139
410
237
-335
350
5
-120
-302
-81
112
-69
-288
194
34
-379
278
-183
-296
-8
-61
117
-16
-398
122
-15
-443
338
-194
-340
12
-53
112
-17
-234
214
53
-372
250
-135
-325
-4
-120
105
3
-163
107
77
-264
426
49
-392
-57
-236
1
-124
-148
-48
240
-216
299
189
-343
-68
-212
-24
-106
51
-203
295
-185
4
303
-325
-131
-120
29
100
-119
-343
127
-69
-61
548
-63
-184
37
-185
106
-220
-102
-178
117
-293
261
210
-315
-67
-264
-9
-88
-7
-272
372
-17
51
517
-178
-246
-178
-171
170
-46
-94
-66
385
-53
249
-25
-386
-2
-215
-8
-182
50
-174
392
139
-74
425
-129
-241
5
-244
37
-175
22
-199
453
-55
69
401
-265
-40
-25
-106
18
-182
-270
-202
258
-107
368
142
-366
-2
-242
25
-87
-77
-420
245
182
-66
445
-143
-176
73
-171
222
-69
-27
-261
394
-29
255
413
-268
-104
-110
-29
130
1
-35
-131
236
-189
248
77
-355
132
-199
52
-79
-122
-426
342
46
-47
496
-210
-293
52
-225
104
-133
-79
-375
180
-284
-148
304
-338
-204
13
-183
42
-219
-215
-242
193
-280
236
293
-455
-7
-82
-75
62
-134
-35
-71
164
-358
-22
102
-433
-96
-161
-188
37
-130
-178
102
17
-556
140
127
-484
27
9
-88
135
-182
-323
10
95
-420
-33
110
-547
-179
35
-108
76
-47
-300
18
131
-461
142
307
-404
-181
87
-195
-40
-6
-402
40
163
-380
102
295
-364
-321
132
34
-257
-205
-254
-24
127
-202
-59
79
-125
-272
-47
35
-104
-158
-122
-118
59
-75
-152
-5
40
-107
-125
-24
19
-200
-281
-148
-35
42
-133
-203
-87
-41
-101
-135
-52
15
12
78
-128
-133
-76
-131
-34
31
-82
-80
-137
-89
-15
15
-85
-108
-114
-237
-192
-43
44
126
24
-47
-36
-9
-29
-68
-133
-93
-44
-110
-181
-187
-91
23
7
20
-67
-72
-80
11
-144
-145
104
-75
-154
-197
-136
-163
18
-316
79
-17
-62
-107
66
-251
-245
59
-31
-97
-45
-138
60
-125
-185
255
-128
-237
172
146
-376
-372
96
-11
-276
-271
-97
214
-324
-261
470
-33
-620
-146
271
12
-122
-193
-74
395
-309
-5
526
-308
-521
135
-25
-208
-74
-141
46
706
-49
116
697
-121
-161
396
-9
-3
-177
-362
-76
586
-65
254
468
-301
58
119
-84
143
-197
-93
30
367
-192
216
315
-542
-55
-132
62
240
-154
-31
214
574
-14
601
249
-533
-39
-293
-24
21
-314
5
60
464
-11
464
277
-387
34
-335
-64
-19
-277
59
429
480
-143
702
387
-345
-10
-203
111
-101
-256
-77
113
454
-131
499
182
-535
-101
-253
-101
-192
-210
-168
253
304
-258
624
255
-444
-33
-371
-46
-76
-345
-405
-234
98
-605
129
175
-530
-49
-165
-225
-104
-304
-217
-101
370
-514
-72
376
-397
-201
108
-169
-60
-96
-244
-432
246
-378
-375
263
-214
-496
34
-26
-119
-94
-130
-378
85
-163
-549
32
37
-428
-52
9
-121
-133
-135
-238
-101
66
-446
-124
218
-391
-422
-41
-88
-98
-197
-190
-419
241
-125
-270
306
62
-367
-100
-198
-253
-181
-38
-293
166
118
-439
70
178
-427
-114
250
52
-123
-218
-403
-17
229
-325
48
361
-321
-436
149
-29
-202
-144
-245
-188
237
-307
-195
385
-105
-458
43
181
-100
-218
-326
-400
192
-118
-396
167
-19
-527
-137
239
-74
-263
-81
-264
171
-159
-535
65
172
-419
-139
273
-15
-280
-168
-222
-92
231
-266
-265
7
-211
-514
-156
214
-16
-287
-177
-260
91
20
-368
-77
135
-189
-369
-111
191
-116
-173
-180
-151
166
135
-256
-224
66
-132
-386
-158
59
-75
-195
-173
-173
17
71
-396
-327
138
-108
-320
-179
20
-25
-52
-59
-108
-18
35
-223
-232
-25
44
-110
-341
-196
-11
36
-161
-92
-11
87
-21
-188
-100
-93
-168
-190
-14
-33
-144
-219
-193
-101
9
92
-145
-20
15
-212
-253
-219
-43
-54
-229
-140
-119
110
-45
-286
-28
55
-271
-293
-101
38
-232
-240
-301
-32
88
-443
-186
418
40
-456
-125
379
15
-404
-388
-31
303
-356
-88
447
-192
-667
59
392
20
-222
-67
-146
71
-450
-159
531
-46
-599
279
419
0
-232
-117
-345
319
57
-234
374
68
-563
193
354
-167
-189
-87
-280
-3
254
-341
308
590
-422
-438
257
-17
96
-126
-90
-292
252
133
-247
300
42
-522
-18
161
26
90
-213
-80
-258
329
-18
-138
531
19
-456
119
136
-12
-9
-119
-34
-279
219
-180
-203
266
-16
-361
153
135
-71
-95
-264
-34
-288
147
-136
-215
238
-64
-433
-123
264
-21
-157
-148
-52
-129
106
28
-323
-90
71
-205
-392
-81
72
-115
-173
-100
-12
-108
-73
-69
-214
27
47
-139
-182
-193
-81
-107
-132
-21
-23
9
31
-149
-105
12
-25
-140
-115
-46
-153
-120
-75
-44
87
64
-151
-153
51
23
-179
-185
-68
-23
-82
-77
-87
88
-1
-152
-71
44
-5
-107
-22
19
-109
-223
-156
-102
79
-75
-175
-14
43
-135
-156
75
140
-81
-264
-109
-27
100
-49
-19
160
51
-264
-93
112
3
-133
-55
-165
-154
-69
-310
-92
131
-68
-330
75
207
-25
-219
26
-162
172
107
-276
-32
68
-244
-245
152
52
-181
-160
-61
-311
-30
83
-353
-22
211
-155
-338
114
47
-190
-136
-97
15
-94
39
-424
-211
220
-41
-407
68
191
-29
-101
-103
-37
-251
279
-101
-401
83
96
-335
-98
228
69
-16
-49
3
-97
-157
171
-350
-67
182
-132
-413
94
63
-158
-104
-109
0
-108
51
-65
-331
105
182
-372
-310
136
-5
-193
-183
-80
-29
-162
214
-296
-217
240
108
-353
-160
152
-24
-197
-161
20
-139
90
-48
-329
-149
59
-175
-279
146
164
-95
-184
-137
-33
-51
39
-236
-258
61
-85
-316
-247
15
27
-131
-115
51
-16
63
-135
-145
24
68
-150
-241
-20
36
-69
-129
8
-95
70
-36
-257
-120
134
-95
-278
-6
111
-27
-219
-70
-45
-59
-84
-225
-111
74
-133
-336
-67
168
63
-200
-222
15
-45
87
-159
-228
47
60
-229
-257
155
196
-136
-245
19
-90
63
-69
-224
-67
79
-124
-274
5
75
-192
-338
27
40
164
128
-148
-96
127
-124
-393
-79
244
-29
-341
-170
55
-177
67
-203
-155
242
132
-297
-268
138
-4
-286
-201
82
-312
266
-81
-332
160
135
-467
-199
214
-68
-312
-191
139
-156
450
-3
-415
138
147
-470
-161
183
29
-166
-210
3
-311
417
236
138
693
228
-470
31
-27
-45
-110
-76
-65
25
550
484
201
424
108
-329
-100
-29
-15
-122
-235
-295
-3
112
381
270
251
201
-147
-224
54
-19
97
-215
-290
-167
-94
504
352
295
298
-195
-469
-37
-159
-9
-199
62
70
-140
463
253
142
398
19
-412
27
59
39
-167
-186
110
10
608
296
-70
253
80
-370
-37
18
44
-66
-48
-205
-178
387
227
-223
-19
84
-343
24
-39
-188
-201
-92
-159
-27
311
201
-350
-25
260
-428
-225
29
-159
-119
-159
-142
106
527
265
-365
-57
235
-216
-187
78
-83
-9
-153
-89
-29
360
313
-234
32
62
-392
-326
67
-84
-67
-127
-112
-41
376
160
-168
232
276
-284
-184
105
-77
-100
-24
15
-157
43
88
-292
-199
79
-254
-206
-57
-263
-95
-147
-184
-54
300
413
-230
27
292
-286
-322
69
-94
-139
-181
-172
-193
172
349
-367
-258
177
-280
-392
-128
-165
-77
-51
-290
-127
-120
221
-241
-302
38
-147
-397
-58
-48
-187
-157
-153
-36
-231
193
-18
-394
141
141
-469
-80
114
-140
-167
-115
-166
-341
76
97
-522
-66
308
-241
-292
-31
-147
-173
-62
-107
-197
-111
229
-262
-191
166
-115
-342
73
56
-243
-293
-205
-210
-194
253
-209
-498
159
80
-337
-49
148
25
-97
-140
-135
-170
60
76
-409
-178
199
-226
-376
-159
-37
-94
-62
-124
-140
-58
85
-316
-264
205
72
-332
-195
27
-123
-188
-222
-139
-61
60
-35
-394
-205
116
26
-183
-228
-39
-148
-340
-343
-30
-46
-56
-207
-273
-12
108
-44
-338
-152
56
-125
-213
-188
65
-34
-59
-56
-154
18
132
-40
-371
-210
111
-123
-290
-129
3
-131
-250
-164
-152
-102
5
-92
-147
-128
-135
-104
-150
-118
-29
-135
-153
-66
-16
-100
-22
21
-128
-210
-85
-123
-92
-42
5
-16
-75
-22
25
-76
-96
-126
-132
-100
-50
-13
-236
-215
-142
-71
-96
-98
-74
-179
-164
-96
-175
-232
-131
-66
-105
-208
-151
-114
-44
-4
-6
-34
-4
-67
-128
-215
-196
-115
-87
-73
-60
-34
-31
-68
-28
-22
-55
-108
-86
19
-95
-147
-122
-47
-160
-215
-118
-87
-76
-164
-230
-88
-136
-190
-113
-256
-291
-147
-91
-120
-95
-15
0
-92
-124
-146
-68
-87
-58
-117
-248
-163
-70
-119
-164
-86
-46
-104
-147
-104
-147
-144
-139
-78
-45
-60
-82
-142
-60
-72
-218
-139
-21
-87
-136
-171
-112
-55
-82
-116
-175
8
-198
-117
68
-58
-183
-49
-59
-89
-256
-192
-170
23
-21
56
-220
0
-12
-119
-154
-155
-135
-86
-141
-184
-87
-90
-99
-32
-15
-138
-24
-32
-275
-282
-85
-71
-160
-61
-148
-142
-166
-119
-120
-130
-123
-77
-16
-76
-187
-164
-115
-64
-180
-152
-15
5
-104
-172
-42
17
-52
-166
-101
-132
-267
-143
-127
-64
-75
-66
-230
-81
36
-166
-211
-56
-126
-273
-125
-163
-301
-123
-92
5
-58
-136
-76
-203
-171
7
-262
-110
-125
-208
-23
-2
-138
-16
-173
-62
-52
-111
-116
-219
-93
-91
-62
-128
-224
-158
56
-44
-36
-160
101
72
-270
-29
-72
-184
-142
-117
0
-127
-134
-82
7
-88
-186
-80
-32
72
-153
-276
-223
-67
-146
55
-31
-242
-72
28
32
49
-183
-159
-46
-21
-108
-250
-3
-3
-104
-107
-146
-52
-28
-28
-143
-244
-83
-98
-157
-236
-131
-135
-132
-8
-46
-35
-160
-27
12
-199
-168
112
-194
-193
267
-429
-414
417
83
-733
-97
493
35
-442
97
413
-352
248
748
-190
-631
278
413
-129
-277
-451
342
24
-350
317
167
-571
-131
463
218
-83
-95
-115
618
-84
-347
588
182
-475
17
267
-99
-144
-38
-225
488
-113
-320
582
176
-439
265
373
-64
-80
3
-236
423
224
-298
566
283
-524
108
242
-241
-148
109
-170
277
451
-313
377
760
-176
-110
428
-49
-252
-290
-269
-186
518
-101
-255
550
-163
-545
305
124
-221
-194
-179
-319
144
370
-380
266
534
-473
-277
272
-98
-195
-308
-183
-376
206
-55
-456
287
55
-578
18
108
-195
-134
-111
-253
-176
482
-190
-121
651
-40
-658
128
88
-155
-3
52
-228
-141
247
-498
-356
335
-152
-483
133
91
-122
-159
-32
-196
224
241
-534
-153
136
-393
-439
95
206
-116
-212
-99
-272
201
222
-397
-121
330
-106
-454
-101
64
-149
-270
-110
-187
89
154
-369
-249
233
-32
-367
-143
90
-9
-240
-175
-189
-52
71
-254
-260
125
2
-357
-272
95
137
-145
-295
-160
-27
153
-93
-392
-130
182
-118
-393
-193
59
-101
-266
-216
-112
42
10
-162
-320
-162
-29
-136
-199
-150
-1
-84
-165
-90
51
24
-22
-109
-78
-45
-94
-113
-180
-91
-42
-32
-68
-46
-66
-100
-57
-122
-97
-58
-66
-190
-164
-48
-10
-97
-132
-37
-10
14
-68
-105
-30
43
-66
-269
-90
-37
-101
-210
-145
-24
-13
-94
-130
-56
18
-133
-199
-75
-102
-213
-288
-102
-10
43
-176
-190
7
-46
-388
-362
23
71
-242
-270
-72
95
-22
-357
-144
190
-66
-288
-71
83
-42
-283
-169
61
174
-244
-392
105
158
-300
-345
109
108
-190
-310
-277
187
142
-481
-161
155
-197
-374
6
226
-13
-174
-206
-55
142
-424
-401
350
115
-494
-229
244
57
-251
-381
-360
263
-23
-397
123
97
-453
-334
248
187
-126
-148
-384
120
109
-450
2
389
-234
-486
-65
158
-51
-147
-286
-66
348
-224
-176
220
-154
-464
-41
132
-42
-116
-186
-160
399
-145
-345
260
71
-455
-333
83
1
-52
-73
-225
352
72
-329
190
163
-452
-333
60
137
-70
-162
-363
238
274
-358
-4
317
-173
-442
-117
70
-53
-120
-290
-75
221
-248
-202
277
-61
-428
-71
146
-86
-240
-162
-173
287
-173
-440
76
139
-290
-230
127
58
-150
-114
-242
29
34
-363
-53
249
-125
-315
2
86
-177
-295
-181
7
203
-182
-250
94
12
-209
-158
127
79
-150
-190
-154
-17
-30
-293
-204
17
-150
-312
-33
82
-50
-120
-33
22
63
-46
-196
-70
23
-68
-95
-62
-28
-1
-58
-46
-40
-17
-130
-140
-54
-149
-126
-80
-56
-46
-77
-24
51
118
26
-12
3
-18
-52
-67
-174
-133
-68
-49
-50
-77
-100
-89
-22
2
-21
-78
-93
-20
1
-142
-185
-108
-33
6
-17
-96
-150
-78
-14
-101
-174
-149
-72
-23
-74
-36
55
-46
-62
-44
-41
-122
-101
-54
-97
-170
-152
-5
-6
-77
-80
-92
-62
-30
-52
-49
-62
3
13
-154
-138
-104
-77
-22
-73
-84
-57
-30
-30
-108
-86
-26
-20
-75
-150
-97
-48
-5
-10
19
-40
-42
-42
-14
-73
-46
-113
-60
-3
-106
-129
-148
-70
14
-8
-12
14
23
14
-73
-102
-128
-76
13
-69
-64
-57
-114
-70
11
-33
-42
-37
-30
-137
-98
-52
-80
-27
-25
-52
-73
-98
-78
-108
-105
-46
-80
-135
-270
-233
-144
-57
26
12
-16
-41
-62
-110
-176
-142
-89
-4
33
-90
-93
-48
-14
-2
4
8
70
3
-66
-197
-142
-17
28
45
-86
-85
-56
-102
-66
-68
-49
-39
47
30
-61
-78
-112
-64
-55
-69
-56
-60
-34
-2
-104
-101
-26
-24
-31
-178
-233
-152
-53
-54
-61
-24
31
42
-6
-68
-134
-94
-144
-87
-166
-141
-92
22
62
8
-16
38
70
-10
-117
-182
-97
-120
-95
-134
-104
3
30
-14
16
28
82
15
6
-157
-178
-97
-124
-59
-77
-37
-33
-2
14
-53
-153
-30
12
17
-145
-118
-40
27
-14
-21
-56
-65
-62
-42
-68
-22
-54
-36
-55
-158
-213
-96
-33
14
-28
-76
-81
-102
-110
-77
13
-5
-32
-3
-126
-93
-104
-77
2
-68
-60
-6
-13
26
-45
-94
-77
-56
-51
-46
-60
-32
58
-14
-9
-33
-58
-21
-50
-110
-142
-100
-53
-110
-65
8
-77
-90
-42
-64
-46
-66
-65
-35
-146
-129
-72
-113
-82
-17
7
-65
-22
14
-128
-98
-113
-36
45
-58
-68
-20
11
22
0
-5
-30
10
-42
-145
-178
-93
-32
-87
-146
-108
-80
-46
2
-44
-73
-94
-77
-58
-65
-42
-36
-4
-31
-105
-100
-84
6
42
56
27
-18
-72
-51
-193
-177
-124
-81
5
-61
-60
-90
-110
6
-12
-30
-29
28
5
-166
-185
-152
-85
-58
-28
0
-18
42
38
-64
10
-65
-92
-103
-146
-57
-5
18
-42
-84
-73
-38
-89
-98
-173
-122
-101
-52
5
-169
-128
-100
-98
2
16
15
46
67
-58
-261
-202
-108
-21
-11
-21
-44
-136
-7
33
31
-41
21
-138
-15
2
190
-60
-232
-199
240
291
-16
262
178
-161
213
215
116
-182
-529
-677
-774
-899
-996
-1017
-1054
-1040
-1032
-1001
-966
-868
-824
-773
-679
-588
-474
-415
-332
-280
-250
-191
-128
-11
88
65
152
238
298
331
348
378
397
407
492
516
540
536
502
512
449
526
576
596
587
550
512
491
470
506
476
490
513
507
509
394
420
437
472
463
417
445
427
427
427
321
330
384
437
410
263
269
305
335
335
361
356
327
304
303
216
235
285
321
314
255
229
201
231
275
301
296
255
252
206
4
3
76
105
135
156
161
128
99
95
113
107
75
65
126
3
-12
45
56
27
24
57
91
99
63
-15
19
52
85
106
7
4
53
91
59
29
-3
-17
12
3
-96
-49
40
132
114
-37
-91
-63
-29
-25
5
72
95
68
35
-80
-97
-31
17
15
0
5
-24
-21
35
21
-44
-61
-3
22
-101
-116
-51
-24
35
12
-7
24
35
31
-31
-9
-8
-3
10
-105
-116
-79
-52
-65
0
33
15
31
55
16
43
20
37
62
-21
-15
44
79
79
25
-12
-9
20
51
20
35
92
65
7
-21
-31
40
95
123
65
60
91
56
19
-88
-29
37
68
95
36
41
44
63
103
33
7
7
53
18
-133
-112
-55
28
71
100
73
59
59
79
-27
-33
12
69
50
-117
-92
-19
15
43
69
96
91
72
3
-88
-17
72
65
38
-21
-3
28
83
127
125
92
67
96
67
-40
19
45
13
7
12
69
96
119
91
17
27
55
73
34
-113
-96
-7
68
99
144
173
168
119
71
-11
11
40
69
86
-21
-24
5
24
75
53
85
115
123
87
-12
-9
24
13
10
-5
21
53
83
83
53
60
63
92
23
-64
-9
49
81
71
11
1
32
63
95
29
24
43
40
-25
-113
-80
5
68
95
120
113
116
83
47
-15
11
43
73
138
27
-4
-27
28
99
89
61
43
75
75
16
11
56
121
142
51
-3
45
87
27
9
29
59
52
79
52
63
68
101
98
39
37
9
39
71
77
104
135
164
135
27
27
93
121
147
120
93
60
67
35
-35
-24
35
53
14
-81
-48
17
104
131
128
105
76
103
127
49
43
76
73
34
-89
-92
-15
75
107
125
124
67
60
51
-20
7
40
33
58
-25
1
61
95
87
57
28
3
8
-25
-60
-5
25
57
87
99
65
72
75
107
85
116
127
93
58
-89
-72
17
92
115
72
65
68
67
91
29
51
83
113
134
27
24
97
100
67
33
5
-9
24
91
36
7
-4
33
90
7
13
101
135
107
73
41
35
24
43
-68
-57
-32
-3
34
7
25
88
119
151
93
92
99
104
110
-56
-57
-31
36
67
100
97
92
123
143
73
55
87
93
58
-93
-108
-19
28
43
72
101
87
55
67
-8
-13
20
17
30
-33
-3
185
549
957
1322
1640
1843
1827
1647
1240
1102
1013
855
717
511
397
249
163
91
37
-48
-133
-144
-233
-408
-501
-522
-492
-462
-525
-569
-583
-577
-562
-597
-599
-629
-636
-623
-660
-640
-592
-550
-528
-556
-532
-514
-506
-490
-484
-426
-433
-448
-415
-462
-461
-452
-437
-410
-348
-325
-370
-294
-234
-301
-358
-345
-292
-234
-274
-268
-236
-190
-170
-204
-193
-130
-93
-106
-197
-234
-216
-124
-75
-102
-72
-56
6
50
-8
-37
-22
-24
-58
-146
-113
-24
51
26
-9
12
43
70
126
96
78
106
112
117
-6
-25
8
11
46
135
132
74
46
58
59
54
127
156
141
2
20
80
126
146
188
160
154
183
154
67
74
72
164
149
46
44
56
150
114
120
123
142
207
146
63
170
136
80
296
143
140
163
146
106
52
103
106
56
189
-85
-69
27
3
74
12
88
171
179
198
-23
130
78
163
113
2
59
127
285
114
144
163
74
119
26
-36
-14
48
133
-3
38
52
168
178
38
91
47
117
170
85
118
70
171
88
65
62
-9
102
26
138
104
16
150
128
209
26
-29
89
-47
130
8
76
99
62
174
93
182
82
-36
125
-50
46
-64
15
98
55
201
-54
34
82
-16
149
3
92
125
22
162
-115
74
82
13
184
14
95
46
-92
-1
-86
208
2
-65
-48
12
114
38
54
72
10
231
-42
-42
-70
-36
47
81
218
63
11
201
-13
206
26
42
64
61
176
-18
67
238
54
221
-87
74
86
58
273
-6
35
206
-75
137
1
72
67
66
222
-119
14
139
7
139
-129
39
60
18
154
-122
13
102
-85
116
-16
61
111
6
-25
-185
84
167
30
94
0
67
77
62
144
59
106
171
13
-30
-37
16
59
126
83
57
19
2
74
64
74
103
171
117
34
-57
-111
42
90
107
72
98
71
70
-28
10
3
-8
41
-2
4
91
74
74
100
107
50
75
150
95
82
111
140
177
138
128
139
74
106
72
35
54
84
109
2
34
116
167
138
107
104
99
130
98
83
66
98
104
69
10
59
164
187
110
56
56
50
62
78
19
38
35
60
73
-26
-1
36
118
126
52
-20
-6
47
126
19
-22
36
168
134
42
8
35
-10
78
136
179
94
64
114
35
90
48
76
125
7
-16
27
30
90
76
27
42
96
149
-10
-29
60
131
213
103
-24
-17
14
30
-28
74
115
175
185
46
-32
103
158
142
120
136
106
94
30
7
-70
-44
48
157
50
-28
28
106
158
148
139
138
103
82
-9
34
92
92
121
23
64
139
150
182
80
59
78
119
77
-66
-81
24
52
102
127
164
198
198
118
76
31
30
48
109
34
59
60
111
122
139
140
150
103
78
8
94
139
168
97
-42
-36
72
95
138
116
127
106
135
150
67
74
103
96
93
34
76
88
118
170
48
15
30
95
114
7
6
32
92
118
115
108
131
138
82
20
90
90
72
49
-86
-17
56
43
38
84
116
83
66
106
28
62
83
148
137
-2
-29
-4
62
102
88
116
126
59
78
27
34
35
108
77
22
8
92
134
106
95
79
82
56
78
-5
-6
-20
35
25
11
44
44
106
162
84
55
42
68
93
14
7
91
107
58
35
0
55
130
138
76
94
91
120
141
66
-37
27
71
118
191
152
82
54
38
0
-6
59
44
73
42
99
68
102
34
-75
153
10
70
201
29
-14
-56
19
17
22
-20
-5
22
138
261
-133
173
164
26
-85
62
20
126
-130
-41
76
-28
90
130
23
274
-49
24
217
-58
147
88
18
218
-16
-101
266
-61
157
60
-38
43
150
-123
89
-41
-55
74
-90
42
150
-81
-33
246
-91
249
45
139
42
206
-138
80
154
-69
237
-80
97
-54
157
-192
193
35
12
166
-160
44
25
197
-113
242
-5
125
52
65
2
-14
15
-136
245
-69
106
-76
38
90
118
70
18
269
-83
173
-28
115
86
249
-29
-17
241
11
217
-68
77
90
189
-18
-3
198
-139
97
-5
71
107
257
67
37
146
-201
4
92
29
106
53
-8
-174
158
20
-13
166
9
129
27
171
-58
143
114
39
222
-1
102
23
107
-89
34
206
-71
17
-69
27
63
237
35
0
238
47
38
-16
-26
55
160
93
-150
24
-8
-97
42
-32
43
26
99
-117
-9
126
-60
39
30
106
75
159
6
6
187
79
82
155
145
-9
2
55
23
121
27
-16
31
14
34
-22
38
-33
168
181
-34
10
-80
90
94
179
-7
-21
46
2
-21
-78
-5
63
121
26
19
155
31
102
64
68
90
107
209
-56
46
63
87
101
42
88
129
194
78
64
116
130
103
110
51
38
64
124
209
202
147
100
134
31
76
95
138
176
153
-54
-69
28
55
82
123
176
207
158
70
4
58
90
64
9
-78
-89
31
-1
74
108
136
110
51
78
39
54
-13
20
21
-50
-4
48
118
86
32
67
2
67
70
-5
46
51
20
42
15
79
87
34
74
108
135
158
183
133
-34
-77
32
87
42
43
76
79
94
114
48
50
110
148
85
-18
-13
40
75
106
163
108
83
62
62
40
50
79
84
85
-18
39
132
222
198
104
104
106
59
90
-13
-26
63
56
85
-30
-48
-16
74
78
84
55
66
151
130
15
-2
64
112
78
3
0
23
86
146
120
63
62
79
37
-38
-21
12
91
78
67
92
27
66
42
-44
-38
39
99
61
-46
19
100
143
146
91
24
46
71
138
84
106
83
108
129
26
12
28
110
110
100
131
118
35
22
-45
2
19
52
129
103
140
119
118
102
67
-5
46
127
78
-38
-81
-32
91
130
111
84
79
110
110
99
42
15
72
125
34
79
84
99
102
67
-35
70
170
202
123
58
43
53
153
-6
63
76
142
110
108
92
62
162
66
47
-2
111
75
53
42
-124
-100
-46
98
92
155
246
139
130
39
31
76
171
134
63
147
147
66
31
104
102
26
-44
-67
-114
-21
59
12
70
71
61
79
58
42
-13
-34
-113
-100
21
-58
27
40
50
94
81
48
-10
103
26
19
6
67
128
149
50
-68
83
50
10
16
44
134
179
233
23
-54
119
36
-38
-65
47
63
62
-93
48
226
134
-35
-70
-90
102
171
17
66
115
85
36
-25
22
79
90
-45
40
81
22
-4
-27
95
106
134
-56
66
174
253
99
-34
71
37
81
-34
23
52
177
77
-41
87
114
71
-58
19
14
96
-12
17
50
52
-12
-38
118
66
112
26
13
157
78
-34
11
74
129
90
-99
31
146
162
-47
22
-57
170
137
89
198
132
11
-26
27
-2
100
-52
-9
-7
-2
-41
79
93
129
158
59
130
150
84
-23
74
55
142
-60
-70
87
64
-15
10
91
128
226
38
48
91
30
83
145
-49
109
15
-112
153
107
1
80
126
83
172
-45
34
207
45
-94
42
-16
131
118
-124
164
231
38
-14
-1
-53
186
56
57
161
59
-64
75
134
123
87
-153
62
178
-112
-58
7
-2
285
42
16
183
58
-97
56
103
125
155
-82
-25
110
-33
-36
145
51
116
63
-14
146
96
-45
-14
71
65
82
-81
8
151
86
-36
88
123
154
146
4
114
154
68
21
-18
47
120
102
-30
159
196
98
-5
90
56
106
63
-47
81
94
51
-68
2
30
76
83
-14
55
102
15
-134
19
68
125
58
-36
135
182
222
76
79
118
91
121
-65
34
136
135
54
-9
80
147
106
26
-80
42
158
107
-15
-62
23
104
27
-26
23
132
174
38
38
-24
62
114
40
53
-10
75
72
7
46
12
103
18
15
38
-29
53
3
28
85
26
-12
-52
66
234
227
68
-42
-17
-14
42
10
28
108
185
142
72
87
58
110
68
23
10
100
169
-53
-133
96
116
165
91
64
71
118
154
20
22
74
40
77
-18
-37
24
143
118
64
112
166
134
102
52
106
175
148
121
58
87
88
146
138
104
159
170
155
146
59
50
48
60
73
18
68
127
154
90
64
27
6
87
113
7
34
64
131
162
139
136
99
86
114
56
66
18
-16
5
-98
-69
36
83
174
199
160
95
86
98
40
74
67
84
97
10
95
132
127
130
155
124
98
111
134
23
-42
15
100
149
22
28
60
62
42
-28
7
18
0
86
35
54
59
60
89
71
76
43
66
66
84
51
62
127
89
-54
-69
8
75
74
107
96
67
74
42
0
46
94
60
61
-10
63
96
99
70
60
32
-10
50
51
-33
-58
-41
108
61
-46
-88
0
94
134
151
60
30
95
138
27
2
67
24
73
118
172
167
78
6
-16
95
174
123
50
-57
-30
-12
-24
34
47
84
131
2
-38
-4
78
78
104
145
-30
-5
60
147
166
175
132
107
86
130
47
-2
82
-128
28
22
-92
-20
-9
130
120
88
14
43
134
95
54
111
140
205
126
104
147
118
102
48
48
114
127
82
42
-18
7
-44
53
35
68
51
121
114
68
3
18
132
169
-53
-29
84
63
22
3
80
174
114
-26
-68
26
82
44
5
-42
79
72
-13
30
103
40
94
11
50
67
50
-52
32
173
114
24
-20
-2
90
64
0
38
83
82
-108
-6
199
180
34
-42
68
60
94
46
20
130
66
56
141
47
19
91
23
22
59
-4
-85
5
74
21
42
-70
16
81
-62
-121
16
43
-26
71
-44
-5
98
50
-32
42
86
87
109
-54
35
111
50
-26
56
131
130
75
-18
15
81
-80
-48
85
31
131
20
10
158
84
-76
49
163
114
3
-54
-44
92
154
15
87
83
6
118
12
63
158
64
-15
-30
62
63
79
10
91
108
35
26
66
23
70
83
37
157
102
-49
-40
126
138
231
151
15
159
178
-5
-10
39
-49
9
-18
-92
0
14
-26
37
167
82
63
74
-65
66
91
-12
26
43
36
142
150
70
175
127
46
32
109
-34
18
87
36
161
91
-43
71
122
98
52
78
-45
21
97
-70
-88
83
74
-101
51
-56
-46
106
82
-49
-38
-1
-99
125
58
-48
143
58
10
80
87
-38
39
38
-204
-22
27
28
141
110
100
132
193
-10
0
143
38
-24
45
-45
-30
37
147
18
131
112
0
66
102
48
58
177
72
21
118
28
16
23
2
48
68
126
46
50
51
-74
59
92
113
34
12
91
11
50
167
8
74
47
66
7
-22
119
44
81
86
-88
-1
2
-10
56
75
161
99
46
62
-78
11
-33
-43
14
52
183
130
-18
115
23
26
111
-50
-22
-9
28
103
-6
43
28
-37
46
-10
67
46
14
43
-11
-70
90
-31
67
130
5
123
38
91
134
-24
42
75
28
137
-38
-16
56
90
210
152
143
190
79
34
-1
-106
23
56
77
98
92
131
78
2
0
78
-10
71
42
-125
-30
44
107
142
159
132
103
74
94
24
50
86
52
57
-66
-93
-60
-21
46
135
152
94
50
82
23
78
119
160
165
6
-4
88
67
50
64
36
70
159
166
24
6
39
120
85
-2
24
79
114
146
120
95
62
119
102
11
54
160
176
170
167
160
139
162
150
60
11
54
131
137
30
71
128
163
170
67
92
119
106
130
68
74
43
12
17
38
131
120
55
70
135
136
110
59
70
32
86
79
88
93
10
16
87
70
30
20
84
154
95
62
-13
10
67
88
117
59
107
135
130
114
92
95
98
140
106
-2
-1
108
155
86
71
104
131
118
98
96
106
74
92
117
34
87
84
95
2
51
44
86
154
110
-8
-10
59
116
113
-26
0
40
14
42
68
51
70
127
74
-21
-30
-57
-21
57
94
88
116
106
110
56
79
66
72
97
-17
-18
68
152
146
127
40
55
82
78
52
-1
-2
36
105
-66
-5
47
15
50
95
48
43
118
174
68
22
111
140
141
6
-41
68
139
146
152
111
130
99
118
48
82
131
72
101
22
36
120
71
26
13
107
98
143
157
-41
-30
20
51
6
130
136
76
94
54
100
95
106
36
29
-58
-65
55
24
114
159
56
47
54
30
-32
58
118
96
113
-2
-17
-32
11
82
32
52
22
86
182
43
-10
55
65
65
-10
12
13
174
122
67
0
165
210
138
51
54
144
120
77
19
128
135
66
166
171
119
138
107
18
-85
34
99
64
110
31
84
111
42
-18
16
62
66
96
41
-58
15
68
35
30
119
120
103
158
94
28
106
155
124
65
-62
-64
52
114
22
36
95
54
-25
78
71
66
95
32
69
90
88
0
42
174
183
99
86
75
74
95
102
68
96
77
-9
-20
23
26
42
28
39
66
92
173
66
50
64
71
98
39
56
98
54
14
52
138
99
68
73
2
11
88
115
146
147
119
82
55
62
-8
-6
43
68
93
14
79
140
206
106
28
51
82
79
58
-9
54
131
72
57
23
36
19
2
14
48
51
66
88
54
-34
10
52
80
130
11
-24
27
122
182
124
106
106
132
109
-94
-69
4
59
70
88
92
118
118
130
56
94
127
124
101
-46
-48
-44
26
94
160
160
158
131
74
-1
54
64
96
125
34
0
60
130
134
132
115
138
108
114
-29
-14
76
164
202
95
124
139
86
10
79
59
106
48
22
-34
-105
96
123
54
51
84
115
154
217
-40
98
-1
76
45
-22
31
8
201
-41
156
199
70
114
-141
-45
-42
48
95
-43
101
-130
135
-133
109
37
-1
125
-111
117
-93
-82
50
-56
26
-41
33
241
-6
245
-74
118
-45
51
-30
-58
46
-19
44
106
-12
222
-24
146
82
-4
129
-89
195
-30
-58
-81
-44
43
18
37
96
-1
198
-33
170
-34
122
92
93
93
-96
79
90
-54
161
-115
58
43
94
31
-181
171
-23
69
70
-76
99
18
137
47
-49
157
19
145
-57
-102
-8
-44
109
-88
5
135
-6
74
-8
26
74
-3
89
-94
15
147
-5
-50
51
156
126
142
142
-100
-22
35
32
61
6
-24
16
126
10
-60
59
54
47
70
3
-54
-28
64
33
-78
-56
95
74
30
56
63
62
99
82
23
66
143
84
57
31
96
111
94
118
76
19
34
52
45
-34
58
32
35
78
103
60
35
74
94
100
134
134
156
117
-34
-41
-8
59
42
23
79
54
55
74
-24
22
107
124
137
10
-4
16
134
154
180
163
74
39
6
-69
46
87
60
121
35
24
95
130
134
44
127
134
163
122
-46
-90
-12
95
110
79
52
103
122
94
48
82
122
108
45
-138
-153
-28
95
146
120
108
110
86
98
95
-6
47
112
125
18
15
64
118
126
68
56
46
63
98
23
58
131
136
129
30
28
67
62
-26
-20
23
34
91
177
71
50
56
44
81
39
20
47
90
66
-12
7
58
45
121
-38
-57
67
47
-62
7
160
90
54
54
-140
34
99
21
-19
-34
-21
-30
155
-30
-32
172
146
74
94
63
18
166
103
-43
66
87
-12
6
22
-16
-35
122
-135
18
118
-82
4
171
122
58
209
30
-46
257
29
-61
2
59
-2
-113
15
-155
79
118
-65
91
95
134
42
170
34
-5
268
26
2
3
4
63
47
48
-203
-10
42
-38
27
-10
95
155
285
-30
-63
40
-89
118
40
32
10
104
63
-120
217
39
87
53
18
48
-7
97
-158
24
-28
14
103
61
7
6
182
-23
26
59
-52
71
22
6
-37
34
-85
-12
137
-2
147
124
60
58
21
12
6
114
50
92
110
123
172
113
54
-60
96
87
78
44
71
94
126
170
-60
65
60
68
65
-2
35
68
50
134
100
143
194
167
86
-65
-66
-8
44
62
55
88
87
38
86
44
79
138
163
94
14
54
72
159
158
55
56
111
206
178
92
30
58
24
29
-34
47
104
135
90
95
68
34
67
102
3
38
107
80
77
62
19
12
70
114
168
152
202
135
142
55
50
100
132
121
18
16
27
58
102
100
87
94
63
45
-93
-34
56
67
78
202
100
75
142
114
28
14
74
120
121
38
-1
4
59
169
147
120
154
118
78
20
74
83
68
69
-46
-48
84
75
106
76
123
134
87
18
-93
-38
87
124
77
-38
-20
40
110
134
184
211
174
56
66
-17
-2
64
151
166
123
152
123
50
6
24
94
130
147
81
-50
-9
48
63
74
131
92
63
86
102
40
14
82
87
33
-54
31
120
99
66
84
152
126
110
86
-17
-14
55
144
145
18
-4
56
190
174
116
44
54
63
46
11
78
88
120
101
43
48
59
86
74
100
95
110
100
85
-58
-73
44
120
202
167
152
119
110
66
56
78
78
128
165
38
23
24
83
114
167
168
118
58
78
75
-6
15
64
117
18
-37
-100
22
102
128
100
130
151
166
71
42
72
164
149
94
60
60
150
154
124
147
126
123
102
-13
38
127
96
137
171
184
167
134
98
56
67
106
132
125
2
-13
28
55
106
47
20
15
74
98
75
18
35
56
41
-74
-41
39
39
106
104
100
94
51
42
-24
22
-1
24
73
26
32
96
118
118
124
119
114
139
170
63
22
80
136
130
86
76
119
158
174
32
7
66
131
157
22
98
124
91
114
47
24
55
66
70
68
78
79
52
-3
-146
-81
-4
83
122
68
60
134
142
178
64
86
79
88
113
-34
-28
36
90
150
96
-12
-10
43
14
-41
18
83
116
145
70
88
104
98
90
96
107
78
83
93
11
42
56
88
174
155
92
71
146
202
72
39
98
124
69
10
39
124
159
90
60
92
126
98
110
87
30
99
187
153
46
43
28
-13
30
43
72
82
99
138
43
2
59
136
121
22
-12
44
138
134
80
55
82
71
38
-21
22
108
152
134
107
120
103
126
58
24
27
26
-16
37
-46
6
40
-4
-2
83
128
131
118
130
44
66
67
116
157
10
-21
16
79
82
83
56
50
126
142
24
46
39
124
121
-18
-13
-12
70
98
88
120
146
159
150
63
98
71
16
65
66
152
127
34
30
8
-5
10
100
173
66
50
91
123
150
99
44
39
90
150
80
62
62
40
101
22
79
80
31
-14
19
72
79
66
54
-64
-10
39
36
93
66
36
84
79
106
72
72
114
135
106
-9
34
91
128
129
26
44
71
66
50
56
47
14
48
70
35
62
88
136
185
159
96
63
122
170
116
111
126
120
117
-6
-29
4
-17
-22
83
48
79
126
198
52
14
31
84
61
-46
-21
52
19
63
250
-207
-74
158
174
15
6
15
64
69
10
-20
48
-125
-86
-8
12
38
46
396
41
74
-259
-228
-174
-385
-551
-613
-759
-887
-880
-837
-787
-791
-793
-734
-646
-542
-508
-457
-396
-419
-360
-265
-137
-47
15
75
101
166
135
220
313
356
343
373
405
487
536
549
528
542
521
507
496
468
495
530
569
554
569
578
537
543
515
424
490
514
503
472
457
451
475
473
501
499
462
468
439
416
254
305
355
387
396
302
271
298
332
381
399
401
377
343
336
173
182
247
282
301
274
247
222
249
221
143
177
209
175
152
45
34
67
98
129
155
155
129
142
133
34
37
94
139
164
49
51
83
65
81
87
94
97
130
101
41
9
23
23
41
42
107
118
61
57
27
-2
-31
-5
20
-67
-35
-5
22
65
38
15
18
-31
-83
-125
-31
29
35
-4
-127
-146
-65
22
93
150
123
109
69
-31
-189
-163
-98
-13
-24
-127
-62
-10
-15
17
43
70
101
130
117
-10
-51
-26
-33
4
5
83
127
157
149
123
66
25
34
41
-67
-67
-9
58
85
58
63
90
113
109
51
-7
-7
7
-28
-119
10
99
102
73
70
51
26
53
89
3
-3
70
83
28
-83
-26
11
81
141
159
127
77
34
25
-74
-63
-6
63
36
-79
-73
15
109
149
119
90
89
86
113
18
-15
-37
23
80
94
91
90
93
117
75
86
97
103
100
-43
-74
-9
6
9
10
47
74
93
85
-33
-47
-10
79
148
41
38
75
130
157
146
79
61
54
61
-38
-35
50
111
80
-3
2
-25
-39
65
151
122
124
50
5
-30
29
58
31
60
30
31
98
125
149
91
62
49
74
41
-67
-51
-1
78
49
18
-9
42
113
169
139
137
105
107
72
-71
-6
51
78
133
103
75
85
85
97
47
101
130
103
76
-3
27
119
125
125
139
107
101
134
81
-22
-7
50
143
192
133
103
74
69
101
43
66
89
86
113
6
5
35
66
97
70
75
82
57
89
63
34
61
90
52
-115
-98
-9
26
49
46
87
114
65
57
-5
-19
26
47
24
-59
26
79
153
105
55
23
45
38
61
-22
-19
14
7
12
-71
-17
70
105
105
75
58
89
122
141
30
45
70
43
72
46
51
18
21
49
27
58
85
114
80
-87
-102
-13
74
145
130
127
98
65
61
-9
25
85
111
132
-15
-34
3
66
49
55
87
121
121
89
-9
21
66
123
108
-31
-25
63
97
97
111
118
89
74
65
-22
-15
-45
-17
28
-3
11
39
69
105
43
34
57
54
80
-35
-95
-77
-17
73
122
119
142
117
33
7
41
69
135
128
-35
-54
11
74
81
19
67
121
121
81
3
37
30
59
68
-35
22
95
129
137
103
103
137
126
109
-6
-3
54
91
88
-11
35
63
97
129
107
54
5
38
53
2
29
55
83
61
18
47
74
108
105
11
22
69
115
80
-102
-86
3
42
85
74
67
70
93
117
27
1
73
79
40
-63
-22
71
130
141
110
43
77
101
65
-33
29
66
99
120
37
19
51
81
101
115
126
157
122
77
-10
5
34
63
88
29
19
90
161
205
163
98
105
75
45
-63
-63
15
62
113
158
175
142
149
109
51
85
85
103
128
-39
-18
39
66
77
22
11
6
33
69
11
41
86
119
124
-15
-17
55
113
113
131
151
149
182
133
2
-23
34
107
140
53
11
-21
-27
-35
-9
62
89
94
61
2
29
59
87
116
30
-1
6
13
69
103
98
105
71
64
-59
-42
47
122
145
86
103
97
25
33
31
65
98
163
184
69
50
79
109
81
59
91
73
86
61
-70
-59
34
79
68
-75
-81
-21
33
105
131
158
153
126
89
-26
-15
43
75
65
38
67
130
160
145
123
154
157
103
68
-114
-71
15
62
89
78
103
74
45
65
23
57
58
123
104
-63
-82
-49
10
37
66
59
93
93
89
26
-7
50
79
84
-75
-117
-29
65
125
91
43
73
106
97
-18
1
90
162
104
45
63
91
121
133
103
126
149
118
85
-22
5
71
75
85
70
99
126
153
173
103
86
113
131
128
5
-30
11
42
73
78
51
26
53
77
59
129
118
87
48
-75
-38
7
38
65
71
131
117
50
13
-30
33
70
99
88
-23
-9
51
137
145
115
82
85
118
137
6
-27
-21
11
56
58
63
82
145
137
55
66
97
103
68
-114
-98
-9
66
101
78
55
58
25
29
27
109
133
87
92
-23
-42
-5
58
61
83
83
77
77
37
-61
1
94
107
112
21
26
19
53
81
159
194
165
98
65
-22
-31
58
91
88
-3
-21
47
117
145
83
46
53
22
5
-43
-11
15
42
33
46
43
66
97
117
47
22
37
55
76
-75
-110
-45
-10
13
10
11
41
69
97
47
17
2
-1
28
-15
-18
31
38
37
19
-13
-19
14
37
-18
9
66
139
168
53
7
-21
13
89
147
122
93
90
69
10
37
63
122
120
78
91
74
101
149
119
90
61
67
88
-35
-18
47
74
97
66
83
114
125
93
31
13
49
55
16
-127
-86
-45
18
85
111
143
173
162
121
22
25
2
-21
0
-83
-77
-45
-15
17
47
74
136
154
77
-18
-3
27
59
96
97
103
114
109
97
71
66
77
83
93
-51
-67
-17
74
149
142
131
74
1
5
-5
65
65
55
76
-63
-34
-5
50
93
122
135
109
77
89
39
69
98
95
96
-27
-30
19
109
169
167
79
73
62
25
-50
-15
78
119
132
17
-1
66
121
161
167
154
125
94
61
-46
-19
11
39
113
146
143
150
177
197
79
30
57
83
108
-27
-70
-21
66
137
110
79
62
33
1
-21
29
117
123
84
-47
-58
19
74
141
159
131
105
77
25
-106
-103
-70
15
100
-31
-37
23
113
133
103
74
77
54
21
-38
-23
18
47
84
58
71
38
41
33
11
42
69
95
88
-79
-94
-5
82
153
122
95
90
101
97
27
53
97
103
108
-39
-58
-21
42
69
98
91
125
121
81
-17
13
70
119
140
57
62
95
125
125
91
59
53
90
81
10
61
31
79
88
29
43
70
41
25
-1
22
45
50
21
-86
-27
11
39
88
114
171
150
105
73
47
81
109
87
84
9
-14
15
2
33
62
95
90
117
125
15
9
42
47
60
-47
-22
-21
49
101
118
59
53
125
133
-9
-35
22
67
100
29
43
71
105
97
67
82
84
58
25
-66
-43
14
15
45
58
63
70
73
105
91
94
65
43
68
-55
-38
51
138
189
106
71
101
89
105
43
17
34
99
120
29
18
51
54
41
71
103
97
58
41
2
65
102
99
84
-59
-113
-65
17
77
127
138
117
126
145
34
45
75
163
144
25
-17
-6
25
69
103
130
157
186
156
-46
-63
15
95
69
-6
-33
-10
57
85
71
105
133
135
156
21
-14
19
102
137
134
163
114
113
117
39
93
94
63
36
-63
-66
-17
77
113
143
171
173
150
81
-66
-71
22
95
132
77
95
123
133
109
47
10
21
54
81
26
53
79
107
136
54
59
86
113
85
3
14
81
99
64
-83
-66
-1
26
25
22
55
86
117
141
79
53
26
31
8
-83
-42
51
114
125
131
163
193
118
21
-82
-79
6
51
76
-7
11
103
145
145
91
42
45
78
97
10
53
115
87
52
-66
-49
22
77
69
43
54
81
111
120
-62
-19
71
146
137
62
35
30
57
89
59
41
73
99
120
-27
-82
-1
62
89
118
111
133
105
101
-17
-75
-58
-29
-8
-87
-22
51
85
113
139
159
77
58
49
-54
-47
-14
39
80
21
39
67
97
89
63
86
113
142
113
5
5
23
-5
45
90
95
58
29
25
43
85
85
91
56
-67
-54
-25
42
73
74
107
177
209
169
87
61
74
71
32
-91
-42
51
105
133
151
151
133
106
89
-10
37
102
79
52
-75
-69
-9
85
133
103
86
113
114
93
-18
-19
7
35
65
97
103
74
77
105
83
114
125
91
56
-91
-74
15
114
173
174
107
78
45
53
51
81
113
143
124
-27
-22
63
117
129
94
63
77
50
57
-1
29
62
55
76
-27
-53
35
81
113
151
122
61
46
37
-38
29
58
91
128
129
155
142
113
97
67
46
61
90
41
-126
-127
-49
38
69
70
103
106
121
141
71
81
81
99
124
1
-18
15
42
69
98
111
82
109
81
51
81
62
67
76
-47
-50
-17
18
77
127
95
69
82
105
10
-47
-50
-17
8
-35
39
126
161
145
55
74
129
134
101
-10
-27
-9
-9
21
-6
23
54
105
137
111
122
133
110
76
-71
-54
35
122
157
66
-13
-2
65
117
55
77
113
83
44
-71
-30
23
78
89
55
55
49
81
89
22
53
138
167
128
37
7
35
65
97
103
114
145
122
81
-66
-55
10
83
84
53
43
63
93
121
99
126
109
39
20
-87
-86
-1
86
113
86
91
126
145
113
43
69
69
35
0
-143
-74
19
66
37
7
35
69
69
61
3
33
30
87
92
-47
-14
74
70
69
75
103
133
166
113
-62
-103
-46
15
72
57
75
47
101
141
111
118
89
86
93
-22
-23
3
63
129
106
103
110
85
85
55
26
53
83
136
13
-30
19
138
205
150
71
82
93
57
-25
-3
30
59
80
-27
22
75
134
165
182
123
93
66
73
2
33
66
99
124
9
14
47
81
113
119
86
89
94
101
-42
-11
79
139
116
-2
-13
18
21
49
63
34
97
122
88
-59
-15
51
78
105
74
99
150
133
129
67
1
-27
-9
56
-31
-42
-9
22
49
78
107
101
101
93
35
65
94
127
132
-11
-65
-17
1
21
67
74
45
30
57
-10
9
98
135
172
117
107
134
105
89
63
86
137
134
57
-110
-111
-45
23
81
114
119
86
57
53
43
37
37
39
64
-107
-86
3
66
97
126
119
86
53
45
-33
21
22
-5
68
13
10
39
50
77
95
95
129
121
53
-77
-11
50
143
144
41
7
11
73
113
103
118
121
154
129
-22
-7
31
123
136
110
115
70
21
69
99
94
121
87
52
-131
-118
-53
18
137
174
127
122
149
137
67
49
22
51
72
-19
6
35
66
97
119
91
73
73
33
-65
-3
94
111
60
-31
-25
27
61
61
95
122
153
170
93
-54
-95
-29
63
120
89
87
98
129
157
71
6
33
63
88
-26
-27
39
23
1
46
111
118
69
73
63
97
97
115
136
-15
-34
-5
50
125
98
31
41
101
113
27
21
66
155
168
9
-54
-65
57
121
99
67
61
42
9
-74
-55
34
71
104
49
63
91
101
113
83
38
29
30
1
-90
-63
7
94
101
58
55
62
73
157
83
34
61
87
80
-71
-2
63
78
85
86
91
86
57
61
-1
-15
22
111
188
17
-90
-65
26
69
82
55
77
78
85
-14
-11
74
111
136
9
15
47
77
109
115
114
85
18
33
-58
-47
19
111
148
90
115
130
101
69
-13
-46
-31
-1
80
-3
-30
19
90
49
34
67
70
77
81
71
93
65
83
104
-39
26
83
110
137
158
127
137
137
85
-37
-7
22
87
116
25
22
71
121
121
87
59
89
122
121
-6
-47
-18
15
52
-3
15
43
97
101
107
118
93
122
128
-38
-39
27
87
153
122
95
94
109
137
63
14
41
71
92
-79
-110
-9
78
109
110
95
105
77
41
-41
-47
-14
75
100
-7
-10
67
121
129
99
99
133
126
117
18
21
54
47
44
-39
-25
35
89
129
95
78
109
86
13
-46
-19
38
11
5
37
67
90
93
125
95
65
49
79
104
-51
-94
-57
18
41
54
87
90
89
85
23
57
149
171
132
-43
-98
-61
26
105
95
87
117
117
57
-46
-19
70
119
124
-15
-10
-37
-3
109
147
158
189
174
165
38
-3
27
78
116
117
131
99
69
97
75
78
93
122
73
-94
-95
-17
27
53
26
-1
-34
-27
-23
-33
49
89
55
56
-127
-166
-101
-14
69
98
75
50
57
49
19
73
118
99
40
-91
-93
-1
45
73
139
167
149
122
85
-30
-27
30
123
172
57
23
83
125
117
91
98
101
134
113
54
61
75
103
81
-6
-1
66
93
125
95
66
85
63
56
-91
-74
15
62
145
122
99
98
85
113
83
105
105
75
80
-35
-46
39
106
77
82
55
37
81
73
-25
5
38
119
176
93
63
91
93
93
83
98
69
-14
-55
-82
-7
78
111
108
50
79
106
101
85
59
54
129
206
152
-54
-55
-5
82
109
94
127
122
129
97
27
1
1
79
160
-19
-58
-25
58
145
114
103
137
137
129
19
13
58
139
160
61
94
131
117
73
79
87
117
98
65
-50
-35
22
95
104
45
71
150
93
77
47
70
97
126
133
26
53
107
135
117
90
59
82
109
129
55
29
45
123
144
-11
2
31
46
17
66
103
106
133
141
63
45
58
75
36
-87
-38
7
38
97
123
151
125
58
41
2
33
66
99
104
21
19
19
53
45
15
42
129
106
69
10
33
99
159
97
-23
-41
26
57
33
23
26
25
31
56
-86
-114
-13
98
125
58
35
66
125
125
27
9
41
47
52
-39
2
87
90
113
134
67
93
93
77
18
73
114
103
64
-27
-21
51
93
117
83
55
85
118
109
-18
-15
-9
83
132
45
27
55
85
85
91
118
141
138
109
2
29
87
118
125
50
19
42
73
101
71
81
109
83
48
-87
-66
27
94
65
62
111
157
157
121
42
37
70
75
104
57
54
39
50
109
127
95
69
85
109
58
61
94
127
124
33
-1
31
13
29
59
102
157
190
169
26
-7
-29
59
108
50
79
110
137
169
139
110
81
47
13
-75
-42
47
110
133
74
51
54
41
65
3
37
85
55
16
-95
-70
-33
58
117
83
75
109
129
113
-46
-95
-10
43
100
-31
-73
-41
1
1
-9
18
49
78
97
-14
-59
-53
-1
56
57
63
74
105
97
35
-2
13
42
-19
-127
-127
-49
39
125
118
151
154
125
93
23
57
117
123
84
-115
-126
-37
34
53
22
39
33
5
17
-73
-19
74
123
148
49
46
79
117
125
99
126
121
110
77
-6
9
66
83
96
25
31
59
113
153
123
146
169
142
61
-30
-3
27
55
101
90
79
94
69
69
55
125
161
127
88
-55
-38
55
130
153
150
135
109
69
93
35
17
-10
39
120
41
15
7
38
69
87
59
53
54
77
22
25
58
87
52
-39
-33
27
69
101
107
74
77
110
97
22
45
103
135
172
145
91
42
45
77
51
46
73
103
128
21
21
71
102
129
154
175
178
149
129
99
73
45
35
16
-127
-102
-37
54
129
151
123
49
33
53
15
105
110
107
80
-7
22
55
41
41
67
127
137
78
9
-70
-39
-10
39
96
41
47
19
49
93
91
58
69
126
57
-110
-67
11
71
105
78
83
98
109
137
63
-22
-23
15
96
-15
2
47
130
201
170
139
114
113
81
27
21
54
83
104
-3
-6
-5
65
97
115
115
149
126
89
-26
21
58
91
100
-59
-53
39
25
1
-9
18
57
150
137
50
37
63
91
69
-18
7
78
81
73
91
122
149
174
108
-107
-122
-37
51
161
190
179
150
137
125
39
61
93
119
140
-7
-26
47
66
93
119
150
85
85
121
6
-51
-10
75
80
-11
-6
23
53
85
91
98
93
70
69
22
-7
22
51
88
106
347
742
1132
1505
1700
1816
1744
1573
1357
1007
824
739
568
405
295
240
187
98
-2
-192
-293
-294
-308
-402
-547
-512
-455
-468
-543
-582
-595
-625
-630
-620
-628
-610
-594
-602
-585
-642
-630
-598
-588
-574
-533
-497
-470
-409
-390
-449
-446
-409
-404
-406
-422
-356
-328
-326
-334
-336
-337
-330
-333
-354
-381
-314
-288
-228
-178
-185
-156
-97
-74
-102
-184
-173
-106
-68
-75
-198
-197
-108
11
62
87
24
34
58
74
12
-2
30
56
65
-42
-53
-24
-21
34
91
92
122
154
162
47
-10
15
16
65
26
88
176
190
222
228
152
22
135
-22
10
21
139
103
137
71
136
108
122
110
163
36
134
109
201
43
43
80
112
134
326
193
163
126
130
228
135
102
208
305
114
183
133
215
202
171
96
234
250
222
90
-90
83
159
33
38
115
113
198
206
191
135
201
155
118
99
26
254
152
233
122
156
207
62
218
141
295
238
207
-2
-97
-38
47
142
173
134
136
160
202
170
99
130
102
21
97
-117
98
108
171
110
135
112
155
234
163
61
150
103
92
77
-30
28
75
67
194
124
223
198
170
66
19
-54
47
17
81
14
52
32
66
38
76
127
130
183
213
103
98
143
116
189
151
120
87
150
186
92
67
98
123
42
-77
46
96
167
114
63
76
131
166
162
72
90
130
96
145
-6
15
-4
111
90
60
88
126
27
58
39
38
70
40
101
50
80
81
194
86
60
167
54
31
54
-1
-34
-29
8
149
78
-43
127
26
106
60
63
158
148
114
-29
-14
40
-24
62
44
84
-146
249
327
759
-8
526
433
50
-377
187
146
-38
-62
884
115
-358
-178
344
314
-90
-146
-263
96
192
-140
-160
9
-47
-165
88
124
381
-193
441
579
-136
31
369
186
60
-5
-202
177
45
369
58
-335
269
3
-321
107
101
-46
-69
155
-179
53
473
-104
-550
-31
386
173
-190
-313
-32
179
146
83
-120
-141
-14
22
-108
-10
154
132
-27
-86
47
40
-25
10
55
24
82
198
194
-92
-138
47
60
-3
-38
-1
-84
-18
94
204
91
-166
-145
41
-42
-182
-68
0
-6
-22
88
187
18
-110
-40
71
106
56
62
-128
-137
-172
146
357
-67
-47
55
34
118
174
-50
-313
4
352
-29
-264
27
656
-193
-58
909
389
-436
376
494
-194
-172
-193
383
157
-247
553
553
-536
-291
477
133
-106
-87
286
363
-326
237
603
-312
-362
410
131
-53
35
-41
507
-149
-165
391
-168
-543
173
149
-58
234
150
534
189
-221
523
325
-474
-133
-95
-250
59
58
311
322
-220
420
523
-318
-174
24
-210
-100
183
56
412
-200
73
607
-84
-216
53
-145
10
18
-166
262
-145
-275
345
-172
-434
134
-73
-24
53
-14
194
162
-348
404
442
-343
-67
138
-95
-91
82
48
395
-203
133
723
-44
-277
42
-214
3
302
76
359
-37
-300
563
63
-499
95
-34
-142
-137
-234
-39
52
-420
83
167
-556
-122
-5
-204
-101
-76
-124
206
-252
-186
291
-224
-373
24
-47
-33
-111
-296
-161
-193
-203
143
27
-228
-183
-31
-33
-129
-228
-273
-18
111
-285
-284
-29
-39
-219
-86
-32
-234
-259
-134
-133
-115
-121
-153
-63
46
-193
-220
-84
-140
-149
-116
-23
-28
-113
-133
-171
-105
-25
-71
-126
-177
-216
-167
-73
-13
-39
-67
-45
-44
-17
-100
-97
-111
-91
-42
-173
-211
-151
-89
-61
36
-51
-101
-52
-81
-140
-97
-71
-16
-50
-144
-91
-196
-94
11
-163
-153
-53
12
-158
-301
-140
48
-267
-265
211
-12
-411
-22
123
-148
-185
-180
144
-153
-397
1
151
-359
-297
176
32
-268
-225
-197
-29
-357
-283
145
114
-424
-144
100
-148
-189
-103
-7
198
-144
-269
-104
-85
-386
-151
78
-53
-179
-164
-197
122
-143
-411
-78
131
-273
-420
7
32
-259
-229
-112
-87
-120
-369
-225
88
-53
-352
-23
178
-121
-303
51
-56
30
-24
-279
-160
135
-192
-355
-117
-48
-174
-178
-153
-104
-151
95
-121
-207
116
-45
-335
-78
-112
-209
-163
-71
-22
-165
-183
-56
-145
-180
-99
-76
-57
-20
-113
-168
-149
-140
-103
-42
-284
-195
-56
-65
-77
-95
-52
-129
-143
-150
-265
-260
-211
-36
-89
-283
-207
-112
-97
-129
-184
-217
-33
-59
-18
-145
-240
-258
-41
-65
-64
-135
-53
-13
-133
-136
-117
-48
-119
-102
59
-178
-128
-169
-169
-115
-195
-122
-96
-229
-152
-217
-104
-126
-141
-141
-88
-199
-26
-77
-67
-56
-209
-63
-57
-172
-113
-171
-199
-22
-13
-167
-104
-57
-73
-87
-41
-101
-44
-118
-273
-267
-12
-215
-54
8
-142
-109
-13
-17
-143
-189
-76
1
-82
-129
-96
-131
-117
6
-96
-235
-241
-41
-149
-140
-137
-136
-23
-70
-216
-41
-180
-189
-65
37
-302
-46
-16
-134
-220
-25
28
-55
-89
-240
-92
-36
30
-260
-88
-260
10
-186
-150
-185
-145
-331
-108
67
-211
-239
-80
146
-233
-168
-109
43
-166
-417
-126
-44
-17
-14
-81
-166
97
222
-255
-260
-96
-297
-89
-254
-222
110
241
31
7
-136
-24
-259
-86
-71
-257
-141
102
-197
-107
-157
-164
43
-303
-241
-148
-151
12
-9
-127
-154
-305
-5
140
-164
-233
91
-47
-180
31
-1
-59
94
-160
-207
-50
14
-324
-638
178
595
-207
-183
406
167
-62
94
-501
131
775
-156
-618
263
370
-176
281
-12
-396
638
553
-477
-272
-14
-101
-167
225
-197
-365
568
164
-451
-19
1
-69
-202
38
-152
-583
227
215
-472
-144
73
10
55
12
111
-499
134
434
-270
-262
-6
-115
69
-122
202
-370
-149
405
-269
-468
-68
-66
82
-168
-56
-226
-501
249
130
-423
-244
58
11
-114
-225
-23
-280
-28
245
-205
-456
-204
42
-46
-207
-113
-106
-244
-59
30
-138
-311
-72
14
-113
-231
-109
-51
-154
-156
-6
-106
-252
-103
-126
-142
-271
-53
-46
-92
60
90
-146
-313
-49
2
-146
-251
-91
-270
-277
-4
-41
-302
-275
51
10
-257
-182
-81
-206
-145
68
53
-254
-212
91
-17
-217
-33
-9
-218
-105
29
-237
-493
-160
131
-34
-297
-52
75
-198
-122
32
-201
-406
-165
85
-101
-293
-200
126
-150
-189
88
-85
-350
-194
119
-58
-246
-196
196
-114
-280
-27
-21
-329
-204
135
74
-142
-341
-176
-86
-312
-131
57
-262
-376
-72
106
-129
-212
-152
137
-37
-146
14
-78
-281
-227
117
-42
-284
-300
-50
70
-196
-200
33
-141
-414
-281
38
-125
-348
-235
46
27
-248
-103
26
-152
-317
-18
63
-150
-326
-189
43
-85
-170
-140
-28
-49
-82
-134
-89
-110
-153
-115
89
-14
-129
-119
-21
-42
-144
-88
-6
-93
-194
-268
-67
-2
-116
-139
-106
-136
-220
-138
-6
-12
-61
-58
27
22
-181
-206
-120
-60
-110
-126
-112
-5
-86
-106
-96
-69
-82
-65
-55
-222
-265
-164
-57
-42
-49
-56
31
30
-22
-92
-58
-17
28
-23
-58
27
28
-29
-62
-92
-60
-42
-70
-210
-193
-78
-45
8
-75
-162
-129
-124
-54
-34
-36
7
-42
-117
-118
-173
-142
-113
-65
-27
-82
-104
-120
-126
-38
28
3
-50
-77
-62
-118
-118
-21
7
-74
-121
-104
-160
-163
-54
-97
-233
-57
15
-103
-361
54
-144
-268
-26
-68
-183
-193
-18
-142
-265
-222
122
26
-271
-250
-29
-96
-229
-210
27
-255
-110
-25
-78
-133
-35
-188
-273
-27
-110
-259
-145
-142
-222
-40
-29
-162
-17
-158
-123
-181
126
-377
-490
417
477
-463
-342
571
395
-115
429
-35
-298
474
430
-580
-335
394
45
-116
-59
294
-367
-102
636
83
-432
149
107
-278
-204
-171
182
-402
-236
452
-166
-680
-75
156
-86
-3
112
443
-215
-367
394
95
-577
-75
367
101
55
-64
290
-11
-305
290
204
-550
-205
308
141
-46
-157
164
130
-387
-11
244
-468
-440
124
77
-183
-132
1
185
-350
-26
440
-177
-611
-171
138
-99
-13
51
335
-104
-360
298
305
-324
-190
334
166
-91
-274
24
92
-296
22
347
-172
-429
66
353
-88
-365
-314
126
-26
-289
23
172
-137
-262
56
270
-89
-363
-334
-46
-18
-124
16
161
-49
-252
-176
185
79
-259
-170
197
123
-258
-222
58
-17
-316
-154
207
163
-249
-266
206
44
-226
-22
123
-31
-318
-52
359
111
-286
-303
259
158
-300
-126
47
-102
-392
-202
344
162
-353
-418
197
186
-243
-104
189
63
-254
-332
177
128
-272
-514
-22
207
-184
-254
101
75
-340
-374
43
297
-141
-525
-161
223
-22
-249
-4
130
-62
-213
36
310
134
-344
-327
73
150
-155
-33
182
55
-180
-169
82
118
-192
-390
27
251
-90
-334
-68
87
-62
-202
12
171
14
-269
-182
99
114
-88
-64
77
50
-100
-180
10
94
-152
-268
-71
223
94
-201
-214
-52
83
-34
-125
-12
3
-98
-50
44
126
70
-24
-27
-90
-61
-76
7
74
99
131
103
74
50
8
38
27
20
-59
-174
-176
-84
-17
26
-16
-20
14
7
14
-57
-26
31
76
101
-30
-112
-56
-14
18
24
8
10
43
26
-33
10
72
84
49
-85
-68
27
142
138
56
47
-2
11
-54
-162
-130
-56
31
86
71
12
-17
-2
-38
-116
-46
14
56
97
-26
-45
28
79
126
103
32
6
6
14
-28
62
91
28
13
-106
-69
0
70
82
36
-56
6
-1
-10
-125
-110
-80
-28
21
-38
-56
-37
-42
-30
-116
-5
50
76
81
126
-268
-12
79
-130
-83
9
195
-90
-46
-13
-62
-50
66
84
-110
-264
182
127
-54
103
-8
-117
-70
38
-9
-94
-38
3
-107
-94
-89
-100
54
42
-75
-48
-14
-73
-18
-173
-83
11
3
-103
-118
105
63
-106
-6
175
-215
140
43
-297
9
244
40
130
441
-59
-225
337
-34
91
12
-240
201
-55
-50
-208
142
170
383
26
-73
298
51
-145
-38
-137
-185
50
-17
-199
85
-85
-220
-75
245
-222
34
34
87
-125
-95
130
541
512
-27
399
72
-19
-148
216
-104
-173
116
26
81
-78
184
148
-91
188
-2
14
240
-222
36
-172
57
-210
132
-55
-330
183
161
474
265
-142
186
35
156
-273
95
78
44
-13
-243
-28
-241
-100
73
-123
-174
-155
424
-25
-119
-33
-7
-109
-21
-104
-115
58
-28
121
-237
82
31
85
-134
-160
-149
40
-293
-188
144
-130
-35
-313
-75
9
-176
-6
-39
-86
-131
-54
-43
-228
-113
36
65
-93
-58
52
21
-125
-214
-27
114
20
-211
-58
75
-66
-187
-106
11
61
-15
-131
-129
117
221
-245
-352
112
97
-396
-382
374
273
-27
-407
-303
287
257
-283
-627
-3
582
-47
-410
-358
-36
463
258
-327
-585
8
539
-91
-416
-256
-71
230
272
-16
-499
-221
479
333
-286
-272
-99
43
132
120
-342
-480
116
587
-11
-379
-133
79
137
227
119
-375
-370
162
375
-346
-447
-41
9
81
215
43
-356
-306
450
625
-170
-394
-110
-23
129
179
-17
-435
-310
402
479
-390
-561
-43
39
84
157
14
-372
-435
321
558
-162
-525
0
142
-47
-98
-3
-273
-501
-64
465
90
-572
-154
222
-74
-72
143
64
-337
-341
394
439
-301
-492
152
106
-199
12
168
-143
-517
-115
538
240
-612
-344
502
212
-335
-102
217
-76
-523
-80
471
20
-583
-382
457
194
-347
32
437
-33
-562
-71
667
327
-312
-424
322
382
-367
-195
389
171
-484
-406
353
378
-292
-449
80
461
-137
-393
36
338
-50
-356
68
410
30
-377
-319
206
314
-159
-163
129
102
-288
-241
185
246
-204
-334
-57
230
31
-114
-49
24
-31
-202
-168
-20
34
-38
-72
3
34
67
58
-69
-54
36
48
-42
-85
32
75
46
2
0
87
38
-108
-91
-78
-78
-120
-41
10
19
-8
15
141
126
-8
-50
26
80
-54
-122
11
119
35
-54
-56
56
35
-58
-58
19
-14
-21
4
49
-26
-89
-168
-93
22
47
-40
-42
71
58
-73
-42
107
84
-54
-170
-104
75
34
-121
4
95
2
-140
-110
-10
-50
-152
28
89
62
-164
-165
29
82
-28
-129
22
180
14
-273
-189
36
198
62
-144
60
234
-61
-265
87
206
3
-235
17
-42
-37
-120
-249
26
250
-97
-317
82
262
-89
-326
-11
-72
93
114
-300
-127
361
11
-475
47
469
71
-342
-40
-141
-40
-8
-410
-134
373
-120
-413
233
263
-177
-238
158
-2
-34
357
-375
-167
585
34
-667
177
503
-139
-225
92
93
-23
435
-223
-150
662
57
-664
177
541
-204
-194
-102
86
-138
382
194
-287
253
380
-460
-204
536
107
-265
-132
22
-91
126
432
-160
236
772
-107
-606
364
419
-188
-191
-95
-124
-105
426
-211
-301
372
163
-504
-18
409
-73
-279
-219
-60
-269
200
-6
-459
-63
233
-352
-292
308
178
-257
-266
-103
-11
-148
120
-130
-356
59
57
-261
-225
129
177
-101
-157
45
129
49
14
-63
-197
3
232
-95
-364
-26
97
-70
-156
14
37
122
53
-82
-67
46
58
-83
13
47
34
-47
17
-25
-18
-15
-54
-184
-179
-111
-89
-66
-27
-21
-44
-5
-86
-47
-105
-20
12
-125
-60
-191
-217
-65
-49
-51
-104
3
-14
-106
-35
-125
-95
-46
39
44
-103
-125
-29
57
49
23
87
113
-6
-67
-154
-127
-98
-105
-99
-202
-153
-18
92
-23
-149
-26
1
-85
-11
-118
-107
-78
-69
24
-53
-65
-57
-15
9
7
33
14
-40
-56
-123
-134
-117
-130
-76
-81
-29
-130
29
-58
57
-206
288
4
8
-131
-17
43
-50
-147
2
-45
32
-75
-266
-135
-168
-10
-43
51
149
103
-29
120
-55
7
-65
175
-25
-24
-187
-188
152
-132
-147
-90
-134
-145
5
112
-149
-183
24
-13
-119
-79
-118
65
-98
-119
102
-108
-11
85
-142
-224
5
9
-287
-65
9
-565
343
272
-327
428
546
-290
-625
543
495
-81
-560
430
610
-225
200
707
-151
-684
358
600
-149
-336
-74
-275
309
-32
-238
332
66
-645
-248
472
150
-312
-74
-63
51
84
-350
17
372
-254
-518
106
359
-29
-258
-87
-168
113
22
-355
40
157
-329
-359
170
269
-101
-283
-42
-74
145
-17
-282
-89
75
-174
-342
-69
115
-69
-234
-77
23
-26
-1
-166
-264
-114
27
-4
-31
-54
-13
-144
-182
-14
32
123
6
-140
-71
-14
-142
-256
-156
77
46
-80
-145
-82
2
-24
-93
-114
-17
21
-162
-209
-184
-41
89
-37
-72
-1
42
-22
-172
-118
-5
60
13
-190
-161
-96
-153
-38
19
-96
-38
-105
-134
-112
-102
-128
-24
-31
-31
-49
-215
38
-50
-64
-17
-22
83
-122
-209
-62
-96
3
6
-128
-53
342
43
153
381
111
13
235
218
-128
-72
350
-122
-66
258
-151
-289
-39
118
-21
-241
50
-75
152
22
87
126
-196
13
-135
156
-21
-117
437
195
109
-224
-283
168
274
-267
-106
15
218
59
-150
-154
7
-122
-102
-194
-309
38
-82
-122
-4
-18
-294
-58
115
-45
-122
-81
-110
-61
-149
-379
-103
93
-144
-97
-157
-50
2
-92
-145
-58
-78
-55
-122
-5
-109
-104
53
-114
-158
89
-165
-174
-165
-174
-29
75
37
-277
-49
-35
18
-30
-136
-4
193
102
-125
-121
37
-104
16
29
-10
9
783
239
-38
915
461
-591
-163
386
-20
-213
14
-138
457
259
-539
-27
278
-372
-307
222
67
-231
-186
-138
-315
416
112
-424
347
411
-471
-343
292
-5
-242
-163
-176
112
-103
162
-97
-437
168
170
-364
-211
61
-151
-317
-111
-121
-31
-41
116
-336
-152
472
-55
-575
91
198
-161
-234
-225
-110
77
29
165
-333
-400
226
109
-442
-81
106
-107
-121
-103
-191
-12
-114
462
129
-153
576
286
-502
52
334
-260
-118
-37
-247
-198
-55
84
362
-224
32
545
-94
-374
474
69
-216
37
-178
-169
71
266
643
-172
288
845
183
60
622
-242
-182
-103
-273
-136
-48
-149
551
150
89
795
242
-55
377
0
-293
-269
-393
-327
-31
-33
653
163
333
820
-78
-122
-126
-123
-371
-187
-299
-139
-333
17
164
404
-221
321
292
-303
-273
-36
-347
-268
-281
-328
-519
-292
102
-9
-404
316
112
-207
-121
209
59
-202
-109
-78
-266
-134
-79
517
68
230
605
-33
-14
-237
-269
-576
-64
-141
48
-185
37
581
111
-137
422
-43
-185
-440
62
-308
-55
-280
-266
-57
130
-122
509
-56
102
335
-299
-336
-231
-141
-289
54
-147
-157
-389
-264
517
54
-7
432
-150
-260
-340
114
-180
20
-4
67
-14
-207
-57
61
-578
18
345
-403
-530
26
-288
-356
9
-372
-249
-215
-294
244
-370
-554
298
-33
-628
-150
253
-413
129
19
-435
-253
-182
209
-181
-604
-31
354
-158
-468
245
-76
-435
-18
-120
-302
-152
11
7
-251
-372
-125
33
-194
-317
-128
-87
-169
-213
-156
-131
-89
-100
-81
-136
-257
-160
-87
-198
-229
-111
-24
-41
-193
-239
-195
-54
-76
-65
-116
-181
-59
57
-77
-228
-211
-172
-121
-165
-231
-169
-177
-180
-221
-269
-268
-203
-84
-73
-148
-151
-117
-113
-193
-266
-189
-193
-243
-294
-205
-160
-266
-68
107
-116
-235
-73
-33
-101
-275
-297
-148
-91
-250
-325
-200
-184
-228
-57
-47
-199
-265
-176
-21
-153
-301
-271
-48
-58
-280
-159
-36
-221
-224
60
0
-269
-248
14
-21
-280
-354
-64
58
-120
-198
-16
-81
-253
-207
43
-88
-243
-182
-81
-92
-147
-215
-65
-115
-135
-152
-57
-225
-295
34
-8
-330
-294
-134
-16
-87
-160
-233
-186
-47
-145
-280
-285
-192
-145
-128
-111
-50
-289
-195
-88
-105
-97
-98
-72
-69
-107
-114
-268
-249
-143
-4
-73
-212
-107
-69
-157
-161
-107
-101
-165
-163
-82
-208
-193
-194
-116
-221
-199
-139
-168
-121
-121
-219
-272
-224
-210
-150
-257
-247
-60
-116
-81
-167
-24
-53
-88
-113
-52
-177
-288
-179
-78
-161
-120
-15
-49
-181
-127
-124
-141
-100
-73
-184
-169
-100
-99
-110
-184
-219
-152
-121
-149
-151
-100
-125
-151
-102
-221
-205
-140
-171
-121
-36
-103
-132
-145
-181
-171
-93
-137
-59
-118
-237
-84
-130
-64
-61
-119
-88
-73
-65
-109
-43
-61
-96
-16
-66
-117
-160
-140
-144
-9
-75
-56
-197
-132
-65
-181
-162
-44
-92
-126
-253
-176
-95
-125
-141
-116
-247
-153
-76
-69
-205
-213
-193
-169
-137
-45
-73
-190
-50
-133
-319
-81
-205
-240
-150
-189
-244
-116
-69
-225
-113
-243
-80
51
-153
-146
-124
-12
-74
-110
-245
-136
-208
-324
-110
-191
-26
-225
-96
126
-403
-353
139
-171
-442
-153
158
-225
370
588
-317
433
753
-341
-257
159
-85
-189
-266
-305
104
417
-553
-92
456
-356
-324
118
-127
-90
-173
-83
-86
522
264
-501
395
231
-619
118
56
-320
-121
-390
-246
-288
109
455
-413
213
491
-292
-161
338
-136
242
-181
-372
21
-74
294
191
-419
446
175
-326
128
83
-458
22
-335
-337
111
49
509
27
-512
377
-73
-414
-10
-134
-370
66
-238
-461
-98
-165
153
186
-640
-84
304
-390
-298
98
-377
-219
97
-387
-227
-63
-121
280
-334
-512
297
-91
-422
144
-51
-383
168
-118
-380
-72
-288
179
217
-594
47
300
-536
-266
199
-357
-221
116
-364
-145
-13
-217
303
-88
-467
235
-31
-496
-3
96
-374
-165
-130
-309
-172
-72
-177
191
-264
-584
125
32
-556
-298
123
-167
-351
-230
-87
-76
-27
-62
-75
-168
-160
-146
-104
-88
-178
-181
-204
-103
-30
-115
-164
-59
-66
-24
-59
-84
-123
-92
-63
-30
-33
-188
-226
-222
-80
-64
-134
-123
-124
-139
-132
-207
-140
-111
-107
-172
-140
-90
-83
-112
-168
-114
-87
-52
5
-48
-215
-172
-98
-103
-105
-211
-130
-151
-37
-68
-75
-275
-4
62
-336
-321
-159
-119
-171
-9
-110
-162
-136
-243
7
-230
-156
-103
-194
-173
-196
-199
-127
-155
-56
-178
-166
-216
-143
-163
226
396
-248
416
283
-479
300
183
71
442
-301
-97
-25
-139
66
-260
-345
-243
-24
-38
-85
-353
71
55
-308
-299
35
339
-217
408
240
-720
-107
-106
-347
-31
-245
-163
-28
-139
-248
64
33
-554
208
3
-459
-231
-81
-292
32
-166
-237
-160
-2
-234
238
-107
-160
497
-41
-482
35
-104
-1
53
-223
-169
-128
-14
66
-542
-190
193
-244
-431
0
-143
-180
-68
-174
-195
-32
-3
-84
-291
-188
-34
-15
-104
-99
-18
45
-64
-176
-202
-128
-72
-58
-93
-256
-215
-86
-27
-36
-15
-82
-108
-108
-88
-127
-76
-103
-110
-77
-176
-154
-66
16
-36
-130
-103
-12
-15
-72
-199
-176
-147
-114
-117
-203
-119
-115
-72
-108
-138
-123
-132
-131
-81
-135
-128
-102
-15
-56
-91
-51
-63
-81
-184
-207
-216
-168
104
-260
-17
-43
-270
-40
-132
-166
-130
-199
-191
155
-38
-172
-9
-295
-45
-61
-201
-115
-199
-5
-177
-123
-84
-151
-68
-71
-196
-99
-77
-93
-152
-127
-134
-68
-107
-106
-206
-37
-58
-48
-139
-172
70
-119
-484
54
-37
360
192
-494
373
370
-539
-91
282
-224
-145
-32
-251
-54
107
-222
-128
-81
-189
-32
-109
-312
-43
90
-312
28
79
-422
146
4
-516
-115
17
-254
-201
-251
-273
-24
29
-255
-62
-101
-274
-123
-89
-145
-151
-309
-56
-177
-319
-86
-193
-292
-87
-73
-62
-171
-179
-288
-154
-147
-2
-51
-294
-279
-122
-137
-100
-162
-261
-150
-95
-39
-109
-166
-159
-58
-64
-151
-146
-89
14
33
-50
-77
-182
-167
-35
6
-135
-238
-53
-48
-163
-118
-121
-110
-51
-45
-105
-123
-98
-75
-205
-187
-106
-169
-104
-131
-185
-113
-23
-39
-93
-86
-103
-114
-60
-222
-239
-245
-157
-159
-179
-153
-78
-55
-115
-149
-130
-63
-45
-80
-227
-183
-93
-6
1
-54
-61
-66
-27
-71
-74
-103
-83
-113
-100
-191
-174
-153
-150
-163
-106
-129
-119
-86
-43
-86
-23
-18
-53
-84
-171
-113
-81
-127
-95
-105
-118
-115
-74
-55
-142
-175
-169
-113
-72
-67
-113
-74
-99
-111
-113
-106
-63
-34
-84
-203
-202
-109
-6
-31
-2
-101
-110
-79
-59
-129
-119
-151
-161
-96
-119
-86
-21
66
29
-57
-85
-115
-115
-87
-149
-155
-86
-93
-176
-239
-78
-53
-110
-111
-69
-133
-135
-150
-91
-198
-239
-209
-73
-64
-167
-149
-129
-71
-23
-77
-77
-75
-86
-115
-174
-115
-73
-73
-99
-154
-157
-106
-87
-91
-73
-106
-123
-97
-148
-271
-234
-201
-118
-47
-78
-53
1
29
41
-77
-59
-150
-125
-132
-275
-226
-105
-75
-87
-49
-145
-175
-82
-23
-166
-207
-114
-117
-68
-147
-189
-102
-119
-147
-157
-118
-79
-14
-7
-118
-87
-101
-105
-116
-158
-153
-126
-35
1
-33
-122
-115
-66
-80
-222
-270
-173
-37
-3
-62
-85
-30
-3
-7
-133
-159
-158
-113
-108
-191
-166
-133
-110
-55
-113
-125
-123
-123
-139
-137
-59
-50
-117
-48
-139
-165
-77
-67
-67
-101
-117
-31
-38
-39
-166
-143
-82
-113
-132
-159
-174
-134
-63
-59
-29
-38
-51
-65
-40
-182
-183
-149
-65
-34
80
185
90
-79
-151
-189
-159
-131
-97
-100
-175
-162
-37
38
1
-117
-145
-111
-67
-71
-189
-147
-59
7
8
-87
-66
-81
-78
-35
-45
-13
-3
9
-15
-94
-128
-106
-89
-60
-35
-57
3
1
-47
-21
10
-31
-78
-59
-146
-179
-134
-133
-88
-55
-5
-33
9
33
-33
-38
-31
-93
-127
-215
-123
-73
-141
-131
-94
-61
-30
-27
-71
-101
-51
-18
-33
-88
-211
-230
-165
-102
-91
-121
-121
-67
-127
-135
-202
-171
-138
-93
-60
-95
-69
-37
-7
41
27
-2
-95
-70
-75
-142
-135
-130
-109
-96
-127
-85
-10
-15
-67
-133
-82
-11
19
12
-155
-215
-173
-97
-87
-110
-145
-82
-31
-186
-237
-183
-139
-169
-232
-327
-187
-229
-237
-227
-130
-129
-83
-211
-182
-88
-166
-341
-146
60
-381
29
223
-138
-207
-50
22
-151
-532
-750
-878
-995
-1048
-1096
-1067
-1067
-968
-965
-939
-907
-815
-721
-627
-504
-489
-509
-422
-336
-244
-134
-81
-24
7
70
126
92
95
122
160
273
250
326
408
483
513
531
511
535
531
497
439
477
518
478
482
372
397
442
505
511
534
500
466
474
470
360
362
399
432
421
394
440
468
462
486
492
467
438
415
382
287
310
336
364
345
294
284
304
333
326
260
227
226
232
205
39
82
152
183
210
179
152
123
130
186
156
130
130
188
165
-46
-85
-52
35
98
67
56
98
158
158
44
14
39
96
133
22
-41
-52
-18
42
68
68
70
59
58
-9
-38
-41
8
65
10
28
56
38
18
24
31
-2
-32
-6
-61
-2
68
72
54
27
-36
-73
-62
-30
-52
-57
-14
44
9
-138
-125
-68
-1
58
31
4
14
42
66
-48
-42
19
48
45
-98
-85
-32
22
10
35
8
30
23
14
-57
6
43
28
1
-130
-136
-76
14
34
4
19
42
15
26
-25
-18
-12
20
97
70
36
3
6
38
16
47
58
28
-7
-154
-138
-92
-65
-30
-1
36
99
118
114
24
-54
-81
-24
41
-46
-21
12
67
126
88
20
54
78
38
-76
-82
-37
12
33
-66
-32
60
110
70
28
36
66
47
14
-29
-6
-37
-48
-11
-42
0
87
118
150
88
27
-14
15
22
-85
-58
8
31
22
-5
0
79
102
70
0
-57
-14
64
85
-50
-41
0
27
54
111
104
79
78
90
16
50
39
12
25
-74
-25
68
122
122
80
20
6
35
42
-29
-2
55
100
85
-46
-48
12
82
114
144
115
78
15
-18
-77
-70
-53
8
46
22
12
39
97
90
60
-5
-10
44
81
-101
-85
0
63
90
63
80
111
114
106
-12
10
35
92
113
-10
-45
-20
43
54
52
80
62
34
18
-21
10
3
36
41
-102
-108
-20
74
98
64
63
34
-33
-14
-21
54
96
124
161
102
84
103
74
58
64
67
82
91
77
-30
-57
8
75
102
87
84
107
94
122
112
106
90
48
13
-90
-49
40
103
86
56
48
82
82
94
15
-50
-21
12
17
-86
-29
24
78
50
44
48
98
91
114
59
126
155
136
113
-18
-40
20
62
130
136
107
74
71
98
-9
-42
-72
-72
-22
15
80
95
62
58
48
78
50
28
81
6
19
48
75
98
39
56
59
46
70
8
2
-5
0
13
-78
-52
39
43
42
48
80
114
146
118
-41
-54
-21
52
73
-54
-48
12
58
90
96
59
2
-65
-54
-93
-50
35
68
94
74
40
51
46
30
8
63
130
100
65
-82
-38
36
95
62
43
76
79
78
82
52
26
-2
-36
-31
-122
-81
12
75
86
55
24
6
6
18
-36
-6
79
92
65
-42
-37
12
66
66
32
75
162
179
146
31
-2
-33
-44
-47
-106
-56
95
138
126
40
3
10
8
74
19
18
-4
27
78
55
24
47
114
118
76
50
18
44
97
-38
-29
0
27
50
47
88
83
110
122
40
34
67
64
25
-90
-93
-52
39
82
96
127
70
83
90
-9
-6
27
56
81
6
12
44
38
70
76
47
50
51
18
-41
-14
44
103
105
63
68
67
38
34
12
43
90
164
129
-54
-97
-48
39
122
99
72
83
94
90
28
50
82
88
49
-62
-21
72
135
146
76
44
38
39
90
87
58
43
116
113
-30
-84
-36
46
78
84
67
38
27
54
27
58
100
128
117
58
48
75
46
34
56
59
74
103
74
-34
-50
28
107
134
107
80
47
18
46
64
98
98
96
61
-110
-89
4
67
98
71
60
54
22
34
-24
6
39
68
73
-50
-52
40
94
94
52
-4
50
119
142
27
38
127
112
77
-26
-8
52
34
10
0
43
110
83
50
-61
-46
39
40
69
-17
-28
39
66
38
20
75
78
44
37
-86
-69
40
147
110
99
128
111
118
86
28
22
94
124
145
30
-5
20
82
54
52
44
98
150
158
60
90
67
44
41
-50
-44
32
62
94
100
67
70
63
90
11
34
99
120
109
23
40
67
98
130
72
67
90
119
85
-81
-58
-32
39
125
111
144
147
114
82
12
-6
22
48
85
-38
-57
8
79
98
67
56
90
90
102
47
18
3
68
121
14
-17
-28
6
66
124
96
126
107
38
-97
-70
-41
36
49
-10
8
36
70
62
68
99
70
67
38
-77
-78
8
155
166
123
120
87
54
50
32
35
58
76
37
-146
-133
-8
71
94
36
28
59
90
114
52
22
35
32
-7
-130
-105
-68
23
94
112
111
86
58
58
-25
-22
11
40
37
-66
-56
4
46
78
84
51
22
15
50
-1
-2
4
64
101
15
4
31
26
38
64
35
58
123
133
-34
-50
0
75
102
71
92
95
62
66
36
18
19
44
65
-26
3
40
111
122
91
24
34
66
66
-32
-2
87
116
77
-62
-56
-24
62
102
120
103
38
7
14
-61
14
95
72
49
-10
32
111
54
46
44
15
30
59
66
-41
-10
20
47
38
23
56
87
70
58
32
27
54
72
37
-86
-45
12
39
22
19
52
47
74
78
0
54
103
124
89
-26
-21
56
67
94
112
111
86
63
54
-45
-70
-13
12
9
-66
-52
-20
74
74
80
95
98
103
74
-17
10
28
28
57
42
48
55
54
-6
-40
-9
22
80
105
-18
-45
-16
-1
6
35
108
103
54
46
-16
18
66
56
77
-38
-49
32
122
134
100
92
86
79
86
-29
-78
-45
-4
61
-22
-16
16
46
38
4
15
46
87
106
19
42
60
32
9
-6
52
68
38
62
36
3
18
83
94
-49
-50
28
115
142
115
84
79
94
62
-28
-54
-22
56
137
-10
-29
4
43
110
79
68
62
30
22
-9
-14
31
96
65
10
40
132
95
62
28
28
82
131
114
-13
-54
-25
8
5
-38
-8
51
106
98
72
79
46
43
30
-25
14
44
104
142
75
56
39
62
58
76
106
94
112
73
-110
-97
-32
35
86
91
60
59
86
110
48
34
106
104
65
-106
-161
-84
7
50
28
60
94
95
106
67
98
91
80
69
-14
-8
24
58
90
88
55
-2
23
50
23
42
8
8
-2
-29
-24
-13
18
-6
-56
-1
78
99
34
-74
-73
28
99
166
83
-4
-13
62
110
80
62
94
120
85
-66
-45
12
43
74
103
76
86
86
86
27
22
39
12
29
-70
-64
28
82
110
136
120
90
63
-2
-89
-74
-45
4
61
30
20
51
62
50
56
79
98
68
94
39
38
44
12
6
39
104
151
122
90
20
31
90
68
29
-122
-53
4
79
110
111
56
31
58
82
20
14
7
56
125
-18
-80
-52
18
86
92
116
98
43
66
-17
-14
19
52
81
-18
-40
20
114
166
140
47
-10
-37
-18
-13
34
107
48
65
19
24
39
42
70
48
51
22
-1
49
-34
-17
48
23
-34
7
56
87
98
102
40
74
130
136
97
-70
-89
-40
47
122
140
128
114
86
54
-29
-26
19
44
33
2
31
4
-14
14
64
147
70
35
34
-33
-18
47
80
117
118
144
163
98
74
48
27
54
111
50
-57
-29
40
71
98
71
44
39
70
98
88
78
46
64
89
-46
-5
52
79
146
175
168
119
74
86
32
54
127
184
189
30
19
52
46
46
76
104
138
127
90
-53
-102
-45
-8
57
18
48
16
2
6
36
63
93
91
118
63
70
48
108
146
119
112
79
46
18
-16
15
54
72
33
-114
-97
0
75
102
99
92
95
82
138
108
130
122
92
97
-10
-13
28
83
94
100
132
86
59
66
-33
-30
3
36
57
-38
-21
12
42
42
32
99
126
59
30
-57
6
71
104
93
35
60
47
18
58
56
23
22
28
93
-22
-81
-4
39
6
27
44
79
94
98
68
50
50
48
9
-142
-121
-64
-5
18
24
56
58
58
78
56
58
75
44
45
-58
-29
4
-1
26
76
48
78
111
102
-13
2
59
96
93
-26
-60
-33
-38
10
68
83
58
87
113
-1
-34
-56
-28
22
11
16
3
26
22
56
110
82
88
81
-70
-41
16
47
78
111
96
70
38
6
-16
18
51
116
81
-42
-45
-12
19
62
68
95
118
146
94
-65
-70
23
112
109
-34
-40
-8
26
62
92
107
74
99
122
39
62
128
120
101
42
40
52
122
98
32
59
70
76
101
-42
-57
28
107
134
119
148
151
118
78
-24
-38
-6
52
73
-18
23
108
103
70
40
12
6
38
46
-13
-10
35
92
89
-50
-44
44
98
98
84
35
30
75
122
55
58
87
116
105
46
12
4
34
78
76
71
122
91
57
-85
-26
84
112
137
63
36
3
22
102
76
86
94
107
69
-102
-61
32
123
194
191
168
138
106
78
56
90
71
68
29
-94
-97
-20
35
46
64
96
130
123
102
-41
-54
3
48
37
-122
-116
-28
14
6
-12
19
42
39
18
-41
2
72
100
129
43
32
35
62
38
4
35
66
92
117
-26
-41
24
67
150
127
144
182
134
82
20
42
74
104
125
10
15
64
67
66
36
64
58
58
22
-21
42
87
76
37
-66
-60
28
74
106
132
159
189
159
118
-17
-10
-4
84
121
35
4
-24
6
62
128
159
126
96
62
-46
-46
-20
7
2
3
84
111
78
46
20
14
14
80
105
-42
-21
36
67
94
123
96
78
106
110
0
-6
-21
44
57
-50
-80
-32
58
62
32
4
34
63
54
-29
-10
79
116
105
2
20
47
42
86
92
71
46
75
54
-53
-2
24
52
97
79
48
55
54
74
44
19
46
64
29
-118
-93
-28
3
62
63
56
87
146
142
60
34
50
68
45
-62
-49
40
118
102
48
48
82
110
74
-25
-22
63
108
105
-46
-88
28
130
150
120
63
66
95
114
3
-14
4
32
57
10
0
67
94
66
32
35
50
79
101
-6
-6
52
83
110
95
120
115
134
130
60
86
95
108
109
-14
15
72
99
126
155
128
110
110
70
12
66
59
44
5
-134
-128
-20
74
102
144
116
146
95
58
-29
-10
79
152
149
90
96
67
62
106
104
71
46
75
45
-121
-122
-56
-24
62
91
88
55
66
86
16
-10
-10
24
105
-6
7
12
35
66
123
160
154
122
86
-32
-38
-33
24
45
-62
-65
-32
10
38
64
92
94
35
34
-5
26
83
80
77
-22
-28
4
58
106
96
107
50
75
50
-45
-18
48
139
118
75
80
63
94
126
68
39
46
44
10
-98
-81
8
87
114
31
24
55
90
106
64
98
90
80
61
-90
-101
-16
75
86
56
84
70
102
106
7
2
35
68
65
-38
27
84
78
110
124
91
62
39
38
-29
-14
16
68
117
86
104
131
102
90
64
35
50
79
49
-117
-118
-40
87
118
91
64
31
6
54
44
38
-6
0
-35
-138
-69
-12
15
70
67
40
11
38
82
4
34
67
64
21
-82
-25
28
35
42
20
80
78
51
18
-81
-34
59
104
129
30
40
67
10
26
32
15
38
35
22
-9
58
88
119
94
67
96
67
70
46
4
-25
-22
4
29
-94
-117
-32
87
110
51
64
35
6
14
12
94
99
104
65
-102
-121
-40
23
50
75
48
70
102
118
51
-6
19
56
45
-38
-32
20
74
94
64
31
34
107
90
3
38
87
60
89
63
88
103
98
74
36
31
62
87
50
-58
-58
-8
75
102
87
120
147
162
122
-8
-33
70
136
161
46
27
20
47
78
107
136
82
22
6
3
-2
71
68
41
-58
-36
52
62
62
76
44
38
71
70
-73
-98
-41
52
141
110
76
84
114
98
72
43
18
75
106
50
18
32
59
50
63
100
103
70
66
84
114
86
52
21
-102
-85
4
39
62
59
92
95
90
58
-4
38
87
84
45
-86
-89
-48
42
110
128
100
74
47
54
-45
-34
59
112
121
-22
-64
-28
14
34
64
79
78
51
62
7
14
-8
52
89
31
80
147
125
94
92
131
82
28
13
-110
-65
28
55
78
35
92
95
110
130
40
14
74
132
109
-90
-85
-32
39
66
91
120
154
130
130
15
-18
27
72
93
14
4
52
66
98
124
155
130
91
90
23
-2
27
76
89
30
20
51
106
114
88
87
50
-13
-30
-78
-18
60
88
114
67
12
35
58
26
-16
15
62
80
45
-94
-65
0
71
102
131
108
43
30
54
-8
-34
35
68
69
-54
-5
40
74
102
120
120
130
103
70
-41
-90
-33
60
105
46
24
83
86
78
84
95
38
35
62
7
-22
-4
84
122
98
68
51
78
54
12
7
54
135
129
-6
7
36
51
50
-9
-32
-1
10
6
-56
-22
38
68
89
-26
-37
36
87
98
104
136
118
90
54
-45
-34
55
100
105
14
31
64
98
130
116
67
38
63
90
39
66
95
68
81
54
44
75
106
98
36
11
42
71
38
-70
-54
23
51
18
-17
16
43
106
126
56
30
18
44
69
-54
-33
20
79
94
64
56
50
18
30
-44
10
87
76
77
-82
-108
0
106
138
116
116
146
147
114
-13
-18
15
48
45
-30
-4
84
146
186
124
47
22
23
49
-65
-66
12
71
62
35
64
95
121
118
88
59
66
44
37
-146
-161
-72
19
102
107
80
51
70
94
32
2
-25
4
25
-82
-85
-8
23
42
92
124
118
146
78
-13
-10
23
-20
-23
-94
-76
15
-2
-30
-4
71
66
91
70
-5
-18
48
139
89
14
-16
-5
26
58
80
111
110
115
81
-85
-70
-44
15
42
27
60
87
114
134
64
46
46
36
61
-62
-81
-44
19
86
115
116
150
150
118
-17
-58
-17
76
117
-22
-25
4
58
118
116
27
-38
-13
66
11
42
72
80
113
58
64
36
66
86
60
83
106
75
42
-65
-6
80
107
50
23
28
55
78
74
16
-9
18
36
1
-138
-105
-16
55
78
71
92
122
130
94
12
34
71
104
65
-102
-128
-36
54
86
104
76
58
31
54
-29
-18
75
76
101
-30
-36
-4
30
62
68
51
78
111
86
-61
-78
-41
-8
26
102
108
75
102
114
132
135
102
68
61
-62
-61
48
115
114
139
164
107
34
2
-68
-62
18
92
113
6
47
120
87
74
99
72
98
130
138
39
10
-1
-8
-3
-90
-24
108
150
150
116
123
94
107
74
-53
-42
-13
-20
17
18
44
71
102
94
68
39
54
83
69
-37
-10
44
131
138
63
68
99
122
82
-4
-29
-2
16
-19
-122
-137
-88
19
102
131
164
102
42
38
-20
34
83
112
117
-18
-53
-16
74
118
96
124
106
39
38
-17
42
71
104
101
-14
-32
0
70
62
32
-1
10
15
-18
-77
-18
60
88
89
59
28
11
70
94
60
55
82
108
101
-66
-81
20
83
114
91
108
103
90
106
44
30
59
64
25
-74
-17
36
98
66
32
60
134
86
10
-57
6
43
44
41
-98
-92
-32
22
74
80
63
94
71
38
-49
-6
83
116
105
46
16
27
58
90
64
59
86
91
97
-70
-86
-8
103
130
63
36
87
122
90
20
2
30
56
77
-26
15
72
83
98
127
100
74
42
26
-28
2
3
0
13
-86
-53
56
114
122
92
60
34
19
46
-49
-90
-33
40
29
-46
-28
0
30
62
96
83
54
83
54
-5
-6
12
40
22
35
64
127
102
38
-4
23
90
108
101
-22
-5
52
83
130
71
44
15
22
-14
-92
-10
79
136
117
-10
-13
20
51
82
112
112
70
43
34
-64
-6
27
60
85
2
0
56
98
90
60
43
74
51
58
-41
2
115
88
117
91
72
67
18
50
72
103
130
104
69
-98
-141
-112
-33
54
83
112
143
158
118
16
-14
-14
16
77
-38
-113
-60
31
106
136
116
50
22
34
-21
-18
31
88
105
6
-24
-32
-37
-38
-20
47
78
107
126
-1
-42
23
60
125
70
88
116
126
138
76
67
42
15
41
-65
-6
20
20
46
59
88
79
66
94
68
78
106
120
81
-70
67
445
914
1281
1616
1831
1842
1695
1454
1133
959
774
597
499
316
278
243
134
41
-30
-205
-271
-298
-367
-523
-517
-506
-507
-531
-600
-579
-548
-531
-576
-647
-625
-583
-571
-613
-693
-623
-522
-496
-486
-501
-534
-528
-478
-497
-499
-472
-465
-460
-465
-519
-427
-405
-390
-387
-342
-345
-342
-343
-299
-262
-247
-195
-189
-208
-315
-302
-249
-186
-159
-133
-93
-107
-134
-111
-166
-163
-78
-29
-24
-107
-102
-109
-75
-15
59
82
53
26
45
-42
-15
10
19
56
29
47
74
105
133
107
90
117
146
132
25
25
51
79
129
122
155
214
185
145
59
69
69
75
56
-67
-42
15
82
165
170
143
170
229
185
39
33
78
142
152
121
151
171
201
229
267
287
261
190
129
46
57
114
207
256
141
99
99
153
197
235
194
137
134
161
70
69
99
127
160
134
159
158
109
105
103
162
201
219
184
37
54
87
98
181
158
139
138
125
133
75
157
205
175
152
49
74
103
142
153
119
119
121
153
161
62
65
150
195
200
57
15
130
173
205
207
190
185
118
41
-54
37
170
143
172
146
151
122
125
129
107
162
213
182
89
-59
-43
7
90
117
102
127
150
177
133
123
109
109
143
124
-19
22
107
146
145
115
163
209
229
201
39
33
78
135
128
-15
-41
47
102
161
139
147
177
118
117
50
61
126
198
136
1
-9
78
81
85
83
118
137
75
101
10
9
67
99
169
118
123
134
105
73
39
109
125
79
72
-51
6
95
114
85
82
123
177
177
177
95
69
82
111
148
57
30
35
89
97
123
182
157
90
89
38
41
74
103
72
-39
-25
35
77
153
187
154
157
182
132
-10
-23
91
59
92
94
43
106
61
-26
162
46
57
122
-47
-55
13
-152
114
73
-61
154
22
21
141
-124
125
121
-80
164
-35
-41
126
-110
21
138
-36
129
41
-7
82
-91
-34
166
-83
-39
62
19
177
57
-60
169
-39
-66
73
-90
56
18
-176
108
29
-52
162
105
73
162
-49
100
142
-59
13
81
108
274
13
-26
135
2
25
109
39
141
21
-128
96
1
-70
47
58
105
234
48
169
145
25
23
93
30
166
32
-95
98
15
-66
101
78
27
101
-6
121
70
-39
10
67
40
17
-61
63
245
85
-73
-38
64
74
57
-186
41
174
11
36
169
56
86
81
-19
87
82
29
19
104
-54
65
-29
-21
144
114
11
46
105
81
66
-39
6
83
44
-79
6
103
110
121
7
27
181
93
-7
-78
-47
62
83
-36
61
186
79
53
97
71
122
113
-93
-15
2
-39
-53
94
116
57
19
-137
5
97
19
102
189
130
128
38
-150
75
142
-55
30
83
26
108
41
-224
73
89
-124
40
-43
-3
103
117
-134
138
106
-30
197
-10
-13
77
86
-112
52
105
55
238
-14
105
126
126
53
30
169
-161
36
-89
22
100
9
66
-17
228
-110
-13
-10
-59
134
-7
125
-165
110
-21
-91
137
-123
169
-31
136
-93
-15
201
-155
256
-130
133
47
-12
228
-199
249
-113
144
-14
-41
45
1
272
-63
96
109
-80
113
-126
70
-45
18
205
-126
153
-226
185
-40
108
97
38
288
-94
272
-8
82
145
-49
81
-110
13
15
-44
268
-93
272
-92
104
46
-11
292
-213
325
25
93
22
-65
118
-27
260
-160
69
173
26
261
-189
192
38
115
-23
-273
316
-73
304
28
78
85
-113
256
-203
168
133
-103
284
-110
185
23
173
58
-47
230
-130
125
73
-42
73
51
117
-83
117
75
-72
89
-19
31
63
153
-65
16
45
-58
58
63
101
130
159
70
57
145
147
102
101
107
100
-23
10
67
110
93
91
163
169
153
125
43
85
102
71
60
-47
-34
59
66
117
103
131
141
114
85
2
-31
18
71
100
69
107
195
209
173
143
158
133
166
137
46
17
71
131
121
133
123
154
157
181
99
110
149
115
108
-15
-14
19
82
89
114
55
38
33
29
-13
17
49
87
116
-19
-30
-1
58
33
67
75
105
42
13
-6
12
15
-68
-12
-7
6
-36
65
125
146
63
-59
54
97
-34
-47
42
102
140
-2
-69
78
161
105
50
46
61
182
13
-87
18
80
54
45
102
29
117
-31
49
111
109
9
35
116
64
-61
-112
93
197
7
-101
-7
94
173
-34
-35
94
87
56
-19
30
36
157
-26
87
159
89
-38
-39
-82
-7
126
63
76
53
47
19
73
122
215
22
-103
-21
40
-90
-7
83
126
133
14
63
157
169
49
-45
18
101
138
68
41
86
43
18
61
123
162
82
85
113
98
-3
9
75
108
-39
-110
55
193
153
39
11
81
78
-31
-105
-23
74
11
-4
-59
-41
69
-18
-19
91
134
53
46
61
9
13
-106
-105
32
45
-9
43
152
225
74
-142
-115
66
72
-30
49
88
102
69
-29
55
149
105
69
103
121
105
35
56
65
70
-49
-74
61
63
135
53
97
173
126
13
-14
151
172
-71
-125
7
137
5
-180
-61
133
161
21
-62
116
198
23
20
97
134
71
-83
-59
102
74
-19
11
73
-34
-134
-144
94
212
-10
-88
126
165
129
-57
89
253
167
-48
-63
49
110
61
-86
150
230
-22
-19
177
29
57
-121
24
200
-59
-204
44
90
192
50
-81
244
252
-51
-26
89
1
71
-171
5
222
-57
-47
101
102
300
61
-117
236
-14
-163
47
78
60
82
-267
213
221
33
146
82
-50
316
-67
-15
257
-124
-14
25
-58
127
107
-19
408
-6
33
149
4
88
180
-74
357
75
-27
162
62
109
419
42
148
336
86
293
13
-131
67
178
217
621
83
204
95
12
48
103
-141
376
174
170
175
-51
-24
194
-16
257
331
19
240
51
-56
52
115
177
546
16
202
74
5
9
188
-74
301
179
147
-3
-87
23
206
26
171
341
-25
201
-90
-77
-11
157
-5
319
-106
134
27
-19
24
208
-67
209
229
140
141
-67
23
120
-3
-3
284
-116
109
-6
-13
48
212
-22
307
-81
53
75
11
32
168
-84
215
161
53
122
-94
21
242
45
-3
189
-17
201
77
34
109
43
-55
208
-121
4
57
-33
-12
-27
-161
216
30
41
194
87
10
212
-78
74
73
2
167
72
-19
240
-14
101
225
-16
102
-23
-46
187
-106
-163
86
-69
24
26
-29
97
-11
-59
190
74
29
94
45
9
61
-88
110
57
7
103
102
25
89
-152
-19
42
12
104
-19
-81
104
-65
21
118
-24
25
45
-10
58
-66
-21
154
16
-119
-37
63
168
93
-28
151
169
-6
69
34
45
102
46
84
105
-9
11
105
50
68
34
-11
19
68
-102
-87
-29
-21
100
114
119
134
165
58
19
-34
-19
58
4
-83
-62
39
110
141
142
175
189
157
125
63
57
58
87
108
41
75
91
122
133
90
-25
17
70
137
54
29
62
55
52
-3
27
59
93
85
75
90
57
54
121
38
5
22
83
77
93
123
150
145
169
139
110
89
95
120
-23
-82
-33
58
145
122
143
146
97
33
-45
-3
57
95
120
29
14
47
78
105
126
115
69
81
65
11
41
90
67
40
-99
-93
-5
89
89
79
67
97
90
81
-34
-23
-21
39
164
149
127
110
77
97
71
42
45
75
140
34
61
99
99
149
221
124
46
-71
-15
57
-15
-191
34
129
1
39
135
143
77
7
70
81
61
73
-5
53
50
95
112
5
2
35
53
81
67
94
89
82
141
90
29
3
135
184
53
47
106
141
133
123
138
105
102
89
-26
-27
11
71
101
34
3
-26
-15
73
103
70
85
163
132
-15
25
23
86
204
182
115
110
145
161
99
81
74
103
124
-15
10
3
34
73
126
59
29
29
73
50
81
74
67
48
-3
-41
35
37
53
55
190
65
-49
69
42
117
166
139
136
30
-28
114
61
13
3
30
76
62
-32
17
-7
-78
-6
56
154
106
-22
92
37
-53
65
61
91
124
-71
101
35
26
93
102
195
133
-51
45
-58
-43
34
87
128
57
-33
142
37
21
67
63
97
109
-75
-50
-95
-38
55
112
53
10
-9
173
69
35
102
125
179
169
-54
101
11
90
65
22
92
126
-55
77
3
33
61
79
56
-59
-130
106
91
121
78
95
138
93
-75
22
-31
-7
59
60
-19
82
-104
145
165
75
70
-35
-34
141
-117
4
78
-16
48
-27
-18
153
5
21
106
-9
109
123
25
57
-3
-5
213
69
14
51
54
89
85
-101
65
37
54
80
-34
-38
36
-84
-43
42
0
66
129
129
157
33
10
128
76
-59
54
91
75
101
11
-17
77
49
69
47
101
86
63
12
-15
86
123
105
65
23
27
97
118
85
-42
-67
-38
11
68
25
-5
-2
33
61
67
70
41
38
64
-42
-3
47
34
13
26
11
34
112
177
119
93
93
111
104
-31
-22
19
50
93
90
103
38
37
77
27
21
94
127
76
-151
-150
-57
6
89
170
198
133
110
117
18
-15
34
87
64
41
67
95
77
93
91
122
101
166
85
-58
-27
59
150
80
66
71
106
105
101
55
121
81
27
-4
-91
-58
-1
35
29
54
70
25
-11
49
-49
-7
2
72
0
-115
33
7
14
-19
-6
51
10
-14
125
18
53
62
99
56
21
-10
114
82
-11
-81
-18
9
101
9
-61
121
58
-41
24
45
75
139
65
-2
67
42
1
59
120
57
97
71
130
77
122
111
94
49
73
90
81
21
71
92
-43
-22
35
62
141
182
67
26
105
57
-34
-119
-18
47
120
29
-33
15
57
57
63
122
105
118
85
-50
-75
-17
51
28
-75
-73
15
129
121
91
122
120
86
97
42
69
110
50
-32
45
103
110
168
109
75
90
105
111
104
-79
-95
-65
-22
97
106
83
78
61
73
15
37
109
103
140
1
26
111
118
81
87
119
73
89
77
-38
-63
26
75
56
1
82
55
-11
5
7
22
25
18
29
-58
-39
11
99
184
89
43
43
73
53
-9
50
125
55
28
-79
-35
31
86
53
6
-21
18
49
33
-9
49
57
103
100
-15
-34
3
70
77
47
94
117
137
97
26
53
145
155
64
-11
-46
-45
-18
57
43
31
37
-22
53
-70
29
7
78
-35
-130
-42
42
125
65
7
65
299
415
349
-34
-125
281
613
700
550
320
394
364
238
52
103
555
301
142
12
-24
0
-107
19
104
76
27
-9
79
-47
-144
4
20
114
35
17
140
-84
-65
-19
8
102
-44
-49
68
-73
12
41
-22
18
31
-119
162
-44
-27
8
-49
-7
19
-279
26
-28
-115
70
-53
-141
92
-140
87
61
-119
75
-27
-109
42
-145
-107
115
-117
-1
37
12
23
-13
-225
75
59
-50
58
-81
-95
16
-88
23
133
52
-53
7
27
-150
-121
-132
-67
30
-73
-127
-79
-9
-32
8
-8
11
80
119
-44
-69
-39
-3
26
-128
-127
-36
-33
-21
-19
24
3
40
-29
-204
-144
0
-4
27
52
1
59
-85
-100
9
39
-5
45
10
-125
-45
-95
-44
3
-23
-35
-4
27
23
-35
-73
-4
80
42
-81
-84
-52
7
-37
-35
-15
15
-24
3
-68
-65
-8
-47
-34
-33
-67
-71
-37
-1
5
12
7
92
23
-152
-85
-19
72
126
48
37
64
87
83
17
-12
-1
29
38
-117
-144
-115
-8
51
28
17
48
75
91
29
-37
-21
29
110
7
-24
-31
-28
-5
25
57
59
52
51
-48
-45
12
29
26
-65
-59
29
71
71
61
49
79
56
71
-60
2
-39
-51
26
8
49
37
103
59
37
24
-17
13
42
-104
-61
4
16
27
-48
-43
-52
-5
-1
-11
-9
-9
9
30
-113
-104
-39
8
-17
12
61
107
107
71
41
95
136
133
34
-81
-32
61
67
111
97
37
31
32
55
-28
-53
8
-15
14
-77
-15
-7
35
-9
-3
-139
-49
-9
-97
20
107
191
383
406
121
148
342
414
461
427
591
292
630
153
247
335
299
372
315
108
-6
12
11
-68
-197
11
-87
-27
-85
-29
-154
-74
13
52
112
-98
-16
-11
-40
-115
4
-3
2
63
-44
93
33
-88
-16
73
-86
-96
45
28
-75
-112
-90
-2
-5
-151
-74
21
79
-28
-134
-19
83
-62
-89
-116
-95
-49
-82
-64
49
26
-55
-20
80
45
-16
-108
-46
11
-84
-95
-14
-39
64
50
-6
40
20
-56
-107
-80
-30
74
19
-28
54
102
-59
-64
-23
33
-20
-90
-24
-107
-136
-158
-6
23
-19
6
-31
20
80
-42
5
32
14
47
-96
-116
2
85
0
-31
-18
-71
-48
-167
-130
4
-16
-50
3
-44
-23
11
-63
-56
1
-38
-28
-12
-32
-78
-116
-99
-6
75
-16
-79
-30
1
44
26
22
4
53
76
-7
4
5
10
-21
-140
-134
-26
16
48
22
-23
-72
-39
-13
-115
-108
-110
-54
-1
-8
-18
9
36
68
46
53
64
30
-5
-160
-160
-58
37
68
45
18
13
24
-12
-114
-72
-20
30
111
-24
-19
30
1
-12
-30
21
16
48
76
37
68
61
58
19
-120
-115
-94
-12
20
26
10
48
77
24
-123
-144
-54
-10
-21
-80
-74
-62
47
40
18
29
20
-35
-68
-152
-92
-26
1
-32
-67
-58
-63
-36
-16
-86
-68
-8
10
31
-92
-107
-54
1
92
98
70
-43
-60
-4
-39
-104
-55
-58
-29
-136
-170
17
-19
8
-34
6
-12
12
-29
-221
-156
-99
-122
-45
-132
-22
-6
79
-87
-14
73
-124
44
-52
-71
-83
2
45
-48
-103
28
-127
-29
-56
-56
-139
-60
6
-37
-168
-95
-46
-138
19
-94
32
53
72
-44
-63
-28
-60
-122
-149
-101
-203
-166
37
-20
-122
-31
-68
5
-79
-226
3
-23
-86
-45
3
16
4
-203
8
62
-182
-124
1
-51
-159
-320
-67
208
-84
-108
-58
-15
-56
-187
-204
121
-4
-186
-41
-40
-44
88
-119
143
228
-93
-23
0
-82
14
-230
-187
93
-196
-208
-155
-141
16
-116
-70
272
1
12
-12
-27
127
-20
-154
94
-76
-99
-109
-16
48
-18
-125
151
2
-76
-194
-92
-78
-86
-204
24
-26
-71
-116
8
-21
41
-64
-7
-68
-175
-148
-62
42
-8
-119
-30
33
68
36
-22
-11
-4
-46
-13
-176
-51
-42
-31
-20
101
10
12
20
47
-189
12
13
-134
-133
-92
-114
21
24
-48
37
97
72
5
-64
-91
-24
-27
46
95
4
-50
-74
-28
36
-33
-34
-88
73
20
-60
-88
33
66
127
9
-10
-7
51
8
26
-15
-48
-42
-17
-124
-108
-58
17
44
-23
-22
9
20
0
-2
32
4
-6
15
-76
-51
-14
65
120
66
-2
-59
-28
-28
-86
-96
-115
2
43
-100
-126
-74
44
48
6
5
0
17
-16
-131
-108
-51
22
83
28
46
37
-28
0
22
49
72
42
47
-95
-68
-2
26
76
65
2
-23
12
48
-22
-11
32
50
71
-52
-67
-34
-7
24
30
62
92
92
88
-22
20
45
42
43
-80
-59
-58
-32
-48
18
77
4
-15
8
-75
-64
25
26
51
-80
-86
-54
28
80
110
117
80
33
-24
-79
-56
-30
30
59
16
6
49
64
20
-10
-39
-32
17
-17
-156
-163
-150
-99
20
57
94
89
16
32
14
8
17
22
27
-80
-55
18
73
100
42
14
48
68
32
-66
-36
17
38
63
-40
-82
6
48
48
18
-15
-12
37
48
-39
-24
5
34
23
-36
-38
-26
48
76
50
9
-16
13
-1
-107
-36
30
57
-24
1
58
45
96
44
-26
-52
-52
-66
-1
-84
-111
-78
-11
12
18
109
57
24
8
-98
-104
-31
34
99
-44
-55
-54
-20
8
34
62
40
-19
-56
-171
-116
9
82
31
-87
-74
-42
28
16
-38
-59
-36
-39
-32
-139
-132
-114
-54
83
81
50
73
96
8
-70
-75
-48
-30
-37
-160
-92
-62
-47
-36
1
34
65
108
120
30
24
56
34
-49
-172
-147
-70
-7
-24
-38
-38
-4
52
60
-11
-68
-43
-50
39
8
6
34
28
84
90
57
24
13
-12
-107
-136
-70
6
55
-3
-14
13
44
36
14
45
56
25
-68
-192
-96
-30
13
100
93
126
101
56
24
-46
-64
-36
2
67
-52
-71
-34
53
112
22
10
16
16
16
-42
-12
61
58
-5
-116
-87
-38
16
16
34
21
-28
-59
-92
-155
-140
-110
-22
15
-43
2
14
84
76
82
57
16
17
-12
-127
-112
26
89
48
1
-26
-19
-24
8
42
77
140
130
43
-136
-127
-62
41
64
6
18
48
56
20
-62
-120
-103
-38
-33
-112
-63
30
84
56
26
26
28
21
12
-59
-12
-11
46
43
-88
-82
25
20
12
2
57
8
-51
-80
-107
-84
117
-54
-372
-179
94
133
60
20
-69
-20
-68
109
11
-24
-182
149
-130
95
-83
195
120
3
-72
-55
-180
-407
-600
-735
-832
-956
-1001
-998
-959
-920
-837
-830
-819
-741
-693
-611
-508
-451
-413
-401
-275
-171
-117
-25
41
112
203
244
291
264
291
320
369
426
455
481
505
479
517
528
584
619
575
545
456
514
517
534
548
511
502
485
460
488
502
521
509
467
432
321
334
371
434
453
423
403
381
357
353
275
329
374
411
412
304
242
231
270
297
295
295
321
306
245
142
153
246
287
312
181
91
87
141
229
259
266
240
214
180
46
89
163
131
101
54
59
134
188
161
119
89
57
63
56
-127
-114
-25
58
89
122
151
118
85
53
-9
-35
-19
11
32
-75
-50
-13
18
65
115
147
89
2
-7
-106
-103
-18
23
-4
-91
-34
-33
-39
-7
19
42
41
-26
-11
-78
-23
42
75
112
54
7
-26
5
9
-17
-50
-43
-37
-12
-119
-118
-33
11
37
6
-17
10
61
57
-13
5
53
67
72
-51
-70
-69
10
-7
-37
-65
-83
-23
73
-33
-31
58
115
120
-19
-49
-17
17
25
43
71
101
42
-19
-134
-123
-34
39
72
73
51
19
-39
-63
-57
10
33
66
53
-6
21
71
70
64
78
75
46
13
9
27
57
81
106
68
-115
-94
-5
62
85
110
95
30
29
53
-5
-23
-10
19
92
37
10
27
22
49
75
107
101
93
57
-58
-11
54
83
88
5
23
114
97
37
-33
-50
13
50
33
-26
-3
59
91
89
61
27
38
101
137
115
118
85
51
17
-71
-39
-9
18
65
94
83
50
65
93
91
85
117
123
128
-19
-38
-1
54
65
35
63
93
93
61
14
17
90
91
108
5
-49
-1
89
89
67
75
105
122
89
-38
-27
2
31
68
69
135
162
157
149
119
118
81
18
-15
-98
-11
63
95
125
138
135
102
109
77
51
46
73
131
128
-43
-62
-33
34
65
94
71
30
29
41
18
-7
10
155
403
511
750
992
1091
1052
951
820
667
517
400
269
260
233
198
163
24
-18
-18
-44
-112
-202
-255
-304
-271
-292
-351
-344
-338
-338
-348
-375
-370
-415
-428
-396
-446
-443
-404
-406
-412
-488
-471
-414
-355
-332
-391
-458
-487
-480
-472
-434
-380
-328
-346
-341
-432
-443
-402
-323
-260
-262
-270
-276
-275
-252
-310
-308
-223
-206
-209
-348
-342
-254
-200
-180
-190
-167
-164
-147
-180
-267
-196
-119
-126
-101
-159
-134
-110
-60
-40
-66
-99
-128
-99
-92
-200
-156
-38
33
24
-35
-62
-39
-20
-52
-78
-44
-16
-10
-45
-196
-215
-182
-210
-124
-59
-161
-95
-59
88
10
-20
-59
5
-5
-32
-67
-82
20
-16
10
25
-40
33
32
-123
-120
-95
-18
-32
-156
-93
62
-59
-16
-114
-50
100
-91
-148
-28
-88
13
-61
60
-19
-73
-86
-212
0
54
-139
-120
-28
-193
-116
-156
-305
-103
-48
-18
-7
-143
-108
12
-210
-168
-76
-15
-77
-88
-91
-55
-95
-12
-103
-19
-96
-59
8
-91
-44
-47
-125
-1
-63
9
-210
-76
-64
-262
-96
-76
-131
-33
-151
-116
-122
32
-93
-75
-66
-206
-232
-164
-30
-11
-24
-158
-152
-296
-44
-26
-142
-120
-83
-38
-70
48
-135
-123
-219
-247
34
-37
-244
-76
-256
-60
-280
-103
58
-219
-192
4
-32
-116
-128
-245
7
-263
-142
42
-306
-13
65
-82
-28
-107
-204
-39
4
-119
8
-448
43
-169
-126
-128
-180
13
-47
-84
-121
92
-75
263
-292
108
-143
-51
-186
-295
-225
35
-172
287
-7
-97
151
-252
-20
-134
-293
15
-373
128
-67
-156
271
-407
-113
-32
-308
55
-200
212
-195
-331
251
-191
-10
151
-127
-235
-112
147
-333
-162
47
-319
-186
-62
23
-422
-22
44
-416
-95
-56
-163
-160
57
-317
-5
316
-316
-166
131
-132
-90
-67
-192
-205
195
-386
-232
148
-189
-9
53
-209
-59
307
-322
-70
167
-330
-94
86
-359
-79
195
-453
27
-62
-218
-72
39
-267
120
-72
-278
155
-204
-164
-74
-256
12
179
-412
-123
-175
-55
36
-184
-201
232
-149
-197
-28
-334
-17
-113
-227
78
-136
-260
175
-240
-192
-88
-248
-9
259
-218
144
-206
-180
13
-160
-120
403
-194
-114
-263
-311
131
-88
-499
97
-15
-350
47
-355
-47
-8
-318
-129
299
-327
16
-143
-382
290
-115
-511
-35
69
-383
21
-198
-125
201
-247
-468
251
-72
-317
214
-316
-143
63
-245
-381
123
-160
-346
162
-252
-163
129
-308
-434
153
-22
-280
209
-120
-47
86
-258
-386
55
-102
-320
187
-9
-261
217
-25
-437
46
190
-331
-222
-18
-419
9
-70
-366
-44
297
-332
-198
157
-218
-128
79
-258
-444
359
-22
-550
94
116
-421
-14
51
-380
-212
362
-222
-341
166
-92
-325
210
-53
-467
73
279
-440
-337
259
-206
-446
33
-66
-418
106
305
-504
-153
355
-151
-416
302
17
-417
-252
277
50
-531
138
243
-254
-36
259
-164
-197
-157
120
44
-353
-118
100
-274
-224
286
-107
-180
-225
-104
214
-291
-82
199
-175
-158
-5
-317
-111
-33
-125
-293
263
127
-271
66
-12
-416
-155
167
-57
-79
13
-122
214
23
-417
-25
159
-162
-74
27
-72
-158
107
-60
-71
-93
231
8
-276
9
-9
-180
-143
-78
-125
-36
-39
-92
-49
-73
-156
-29
43
-65
-220
-66
-71
96
-10
-165
-250
-112
-57
-73
-99
-63
47
72
-13
-88
22
-60
-104
62
-88
-88
56
39
-5
-39
68
31
-40
30
-177
-113
24
-44
-133
-56
-52
-72
-10
-157
-96
-101
-77
-3
38
-149
-69
-151
-124
35
231
-12
-33
-5
-228
-93
-14
24
-78
-26
-65
-120
-43
7
59
44
-115
19
-16
-149
-64
-224
-96
-20
-90
171
-169
-140
-181
-90
52
68
11
-24
-161
-296
-61
-51
0
-45
0
-55
-91
-29
11
-78
0
71
48
22
-121
-36
-39
-8
-65
56
-28
-29
-37
79
-107
-53
-135
33
62
-17
76
-83
-140
-13
-127
-107
-61
-124
-101
-72
-81
-84
36
-53
-93
-32
-35
-17
-136
-58
16
-81
12
-42
-21
-9
-19
-122
55
17
84
-74
94
11
-3
-11
67
-127
5
-81
-37
-105
56
-116
0
-7
7
-1
95
-95
-97
-53
-239
-102
-177
-120
-167
-68
-108
84
-86
-62
-105
-53
-126
-5
-75
-28
66
-221
-167
-68
-25
94
-34
-104
-34
52
-53
-259
-53
-7
40
-101
246
-31
-244
-2
67
-102
76
-29
-87
166
-247
214
-31
-234
198
-226
-27
48
-93
55
-102
67
-143
117
226
-316
150
-75
-28
71
-246
16
-136
-40
-89
-94
218
-295
135
-117
-150
8
-329
134
-80
-31
31
-205
258
-343
-168
35
-218
170
-217
-6
-111
-68
19
-167
192
119
-205
127
-264
-37
39
-66
199
-221
-85
-1
-198
242
-200
-71
86
-136
275
-81
-50
-172
-112
8
-196
53
295
-338
118
-17
-154
155
-159
-36
10
-145
-112
-179
-8
202
-282
-11
-9
-176
-81
32
-137
-60
-79
-110
-73
-91
-24
-77
-12
-43
-11
35
-131
14
-180
-82
-122
-16
-93
-108
0
-104
-185
-89
49
61
-17
-187
-45
-164
-125
4
-11
-81
-52
-83
-52
-61
59
39
-105
-1
-31
-38
-113
-204
-91
43
19
-67
21
28
19
-124
-80
-97
-79
-63
-2
-81
-171
-31
67
-148
-12
-32
-121
-89
-197
-64
-73
-103
-11
-38
-84
-158
55
39
-49
41
112
63
-83
-49
-132
-129
-98
21
162
24
29
23
-5
43
-159
-212
-21
-76
41
-220
-73
-43
-71
11
56
80
-36
-5
15
-239
-129
-12
-122
-130
-129
-108
-186
-1
-165
-143
288
92
-124
39
-3
-169
-12
-15
-10
-129
-243
-35
175
-8
-125
163
-89
-151
154
-48
18
-146
1
186
-303
-290
207
-89
-216
88
28
-69
-139
154
-121
-208
67
-271
-233
243
5
-20
183
-160
-174
7
-56
291
-57
-365
159
29
-243
54
-88
-182
114
-85
-153
-160
-337
7
-163
-206
50
-83
-171
142
15
-229
60
-140
-135
246
-315
-249
212
-218
-94
150
-183
-91
154
0
108
-171
-58
151
-172
-256
-37
-123
-119
47
-124
-59
80
-17
-160
255
-108
-304
303
-29
-265
31
-79
-211
6
-16
-19
99
-124
42
-60
-428
-168
61
-66
-133
44
-39
36
71
24
96
-13
-108
-117
-148
-173
-91
29
70
35
-23
8
-17
-37
-11
0
-117
-87
31
-128
-161
16
-70
-5
115
-55
-60
-45
-57
-74
8
71
-27
-94
-217
-176
-20
-215
-57
-83
-182
-72
-37
-45
24
31
-88
44
14
-149
-72
13
99
-160
-4
-27
-49
23
-37
-159
-22
-8
41
-6
-57
-15
-110
-161
-129
-66
48
-53
-112
-213
-136
-61
-126
133
31
-89
-83
-88
-37
-101
-143
-192
-49
-119
-98
-232
3
0
-303
-138
-8
-26
-24
-57
-113
-32
-45
-60
25
-42
-74
-84
-75
-84
-17
-135
-96
71
67
-8
-67
-69
-13
-23
34
-17
-187
-23
71
-124
-83
4
-29
-20
110
-144
-141
16
65
58
-89
12
20
-37
-9
136
60
-49
-40
-149
-89
-164
53
53
-53
-61
-15
-95
-25
-80
-163
-168
-49
-35
-70
-153
-89
-211
-128
58
-24
-4
-84
-65
-41
-63
-5
8
148
50
-81
-24
21
-37
-101
-3
-39
-1
-21
-53
-136
-121
0
-78
-62
-117
24
-16
19
23
49
-24
-54
-91
-13
-89
-277
-132
-39
58
-53
-95
-40
-41
-117
-151
-112
-57
-122
-90
-133
-172
-20
-27
-57
-64
-50
59
-61
-100
-108
-160
4
45
66
15
-56
-8
56
35
-8
-36
-57
59
3
-214
-122
-100
13
-34
-2
-139
-127
-56
19
-28
-138
-49
16
-165
-144
-69
-103
-122
10
63
-74
-16
110
-9
-144
-128
39
60
-85
-156
-57
-99
44
-89
0
33
0
-81
-61
51
-176
-29
-60
-118
-90
-160
-63
64
119
24
49
51
19
91
-91
-73
47
-11
126
-65
0
-27
-52
-1
-51
-90
-137
-108
11
-80
-30
-76
-70
-10
-69
-106
-79
-97
31
-19
-68
-66
4
31
-196
-93
-27
33
-45
-49
44
-47
-21
19
8
-140
42
40
-94
-101
-80
-51
68
27
-95
-60
-44
-1
-5
-147
-181
-69
-15
-138
-129
-203
-223
-76
55
29
-43
87
16
15
-244
-86
-4
-48
-18
-73
-176
-171
-21
35
-46
112
-132
-60
-29
-140
-149
-48
-23
58
-73
-143
-221
-281
131
55
-108
31
-63
-225
-161
-13
-31
4
35
-100
25
83
-65
23
-31
-37
11
45
2
-113
-77
-39
-76
-101
-104
-19
-17
19
-41
-68
7
19
-11
74
-173
-132
-59
-16
7
-27
-32
22
123
19
-240
10
100
-3
18
-160
-150
-19
-53
-45
-118
23
-145
-40
34
-148
-165
-167
-39
-65
-52
112
-24
-6
-17
-95
-93
-57
-99
-78
-137
-29
-79
-40
-53
64
88
-16
-45
-61
-59
-41
-120
27
-42
-169
-137
-100
-36
151
21
-75
51
47
-221
-267
-81
-56
-43
-30
-208
80
24
-105
-22
69
-51
-81
76
3
-191
-45
-103
-34
86
-180
-123
16
-69
-81
-51
55
-125
-28
-70
-252
-73
-139
-143
38
-171
-179
-33
3
-12
-67
-109
-29
21
-50
-197
-64
4
-140
-153
-4
0
43
36
-65
-20
58
-4
-166
46
-61
-143
-28
87
-9
33
63
-73
68
83
-191
-77
13
-38
-46
-113
-27
-36
-1
-56
5
60
-176
-111
103
4
-105
-245
-19
-57
-72
52
-147
-45
27
-107
-108
59
77
-82
-125
-108
-123
-112
51
-35
-39
15
-73
-73
-23
-77
-156
25
54
-22
-150
-72
-144
-69
-34
-155
-85
67
-100
-184
-109
-21
-147
-46
51
-226
-64
-68
-33
80
27
-77
-91
31
-120
-101
-86
-75
-82
99
-11
-192
22
92
-103
-56
-25
32
-97
-161
15
-75
-123
114
-119
-67
83
-65
-117
-27
59
15
-142
78
-157
-36
6
-65
-197
120
105
-176
-65
-17
-51
-81
-1
-24
-114
-133
-32
-76
-97
78
-44
-64
-26
-56
3
-9
-145
-99
-8
-57
-132
-202
-135
-65
-37
-39
-16
22
-75
-46
-121
-77
13
-7
14
-140
-223
-84
35
87
-47
-133
3
1
-62
-193
-263
-83
-172
-61
20
-60
-36
51
39
44
-77
-60
25
54
-93
-91
-47
-52
-10
-67
28
-41
-41
-85
-175
22
-48
-75
-46
-133
-59
68
-13
26
-120
4
102
-64
-77
-168
-137
-75
56
26
-84
-39
-107
7
12
-6
15
-89
-71
-22
-145
-232
-111
16
35
72
-74
32
67
54
-59
-49
-48
-91
-54
-38
-99
-63
-56
27
-146
-80
35
-8
7
-263
-189
36
-67
-190
-50
-67
-175
-69
-76
-47
-12
7
8
35
-128
-121
-82
-19
-70
-57
-83
-72
7
11
-18
-8
35
-86
2
-180
-117
19
-115
-81
-24
-23
11
-133
-37
-115
-125
-5
-203
-190
-118
-124
-63
-48
15
48
-90
-29
-85
119
-39
7
-104
-40
-86
-217
-104
16
-25
-100
84
-16
-21
-83
-37
-124
-46
-68
20
30
-101
-191
-171
-57
35
12
-44
-9
-39
-41
-160
7
-110
-44
-26
-107
-44
-36
-105
-73
-111
-53
11
1
-14
-189
-100
-80
-115
114
-67
-151
-73
-45
-65
-103
-69
39
9
46
-97
-60
17
-20
-29
41
-11
-81
-40
22
-163
-62
-95
-19
90
-208
-59
93
-112
-109
-103
-135
-69
223
-136
-279
250
-44
-269
90
-100
-187
-71
-73
18
-274
32
163
-330
10
107
-387
-218
144
-93
-96
-52
-61
-253
-37
207
-308
-240
328
-33
-193
175
-44
-104
90
-27
-92
-145
223
84
-322
-26
187
-83
-58
-97
-183
-79
27
-60
-111
-55
154
-8
-229
-40
174
-123
-108
18
19
-91
96
67
-76
-178
12
39
0
-90
-117
-45
-114
-11
-45
-144
-51
-28
-37
3
34
-36
-45
12
-14
-137
-36
9
-48
-113
-71
28
-76
-68
47
-28
-41
-36
8
2
-69
-56
-87
-48
27
-15
-47
-37
-104
-164
-179
-1
-32
-56
-138
-113
-92
-86
3
-116
-31
-12
-149
-156
-34
-164
-133
-55
-91
-74
-72
-19
5
43
-73
-63
-69
-90
-111
-169
-153
-120
-35
-75
-1
8
-75
95
59
-137
-160
-41
-16
-40
-98
-137
-49
-99
44
67
-55
48
-45
-116
-25
-96
-45
-32
-39
-18
-69
-88
-152
-125
35
41
-36
-153
-104
-17
-83
-22
-127
-28
-89
-33
33
-28
-129
11
-3
-76
86
16
-73
-161
-141
44
-15
7
-64
-35
60
-1
15
-43
-172
-105
73
-6
-141
-17
-39
-63
143
-71
-44
51
-81
-101
-40
-137
51
21
-186
-245
-171
28
-40
-9
17
36
87
27
-117
-92
-117
-111
-98
-34
-49
-3
49
-97
-168
-91
-4
102
-67
-141
-5
11
-74
-111
-105
-132
-159
-124
-109
-53
-72
-112
-45
9
-10
-89
-36
-94
17
-29
0
93
-20
-17
39
0
-73
-32
164
-50
-221
-60
-28
-152
-109
-39
-16
-41
-144
-93
-95
-29
-23
60
34
-81
-170
-31
-16
-156
-71
-24
-101
-167
-26
-140
-105
-71
8
-34
-101
-147
-59
118
-96
-170
-20
-13
-64
-46
-97
-81
-131
-104
71
168
-110
-124
15
107
-211
-201
-5
83
-222
-277
-57
-35
-64
-73
-107
28
-44
-144
-33
28
-69
-49
-39
22
-145
-195
-7
-52
-97
25
-63
-21
7
-121
-188
-54
-12
-95
30
23
-123
-215
-73
15
-138
-136
-10
-107
78
-148
-156
-129
73
-93
-204
-127
-56
-97
-5
-51
-73
-61
76
26
-229
-49
-43
-44
-81
44
69
20
31
39
-104
-145
27
-42
6
-157
48
-27
7
-77
-20
-26
55
15
-148
-172
-137
-52
13
-66
-105
-103
13
71
-17
8
-36
-81
0
-13
-124
-65
53
25
-81
-88
-19
0
-49
75
-47
-21
-49
44
-26
-133
-104
-48
-140
-101
-64
-79
-136
-105
-21
60
-45
-68
17
-30
-93
-40
-23
24
55
25
-63
-117
-85
-141
-124
-121
-40
1
-6
-157
-80
-16
-101
-5
-106
-56
-89
-16
-5
-144
-125
-20
131
-13
-156
-16
3
-33
35
-11
-49
-97
-67
90
-113
-269
-93
-80
-97
-20
-122
-48
-10
59
-15
-65
-37
-78
-113
-50
-152
-39
-4
-9
-175
-183
-136
-12
71
-36
-65
-112
-35
2
-177
-33
-123
-49
-57
-40
-36
63
68
-85
-72
-29
-56
-136
-122
-89
-107
60
3
-45
-115
12
31
-19
11
0
11
-131
-55
-37
-85
-90
-71
11
-32
24
-45
-9
-55
-22
-93
-160
77
56
-17
-12
-27
-9
-113
-81
-131
-133
-49
17
46
-85
-28
9
-76
-77
-32
-60
23
4
-156
-314
-141
24
-91
-86
-89
-99
-11
-5
11
-50
-24
-9
-12
-57
-172
-117
-76
-20
-22
-136
-95
-24
-73
-97
-119
-100
-1
64
-5
23
-124
-214
-103
-81
-5
-6
-31
-93
-21
-111
-25
-17
-131
-114
-129
-124
-7
4
-49
39
-110
-5
-17
-41
-84
-45
12
-48
-54
-237
-155
8
-40
114
74
57
11
-56
-97
-92
22
-47
-43
-86
-89
-51
-63
63
-92
25
8
-129
-48
39
-64
-165
57
7
-285
59
16
-250
86
-72
-401
-177
50
-298
-39
194
-510
-238
211
-152
-163
113
-68
-165
-41
-52
31
-168
-22
86
-340
-175
124
0
-169
-124
28
-77
-12
122
-39
-41
-115
-3
10
-113
-131
-44
-45
-73
-143
20
-37
-107
-81
-196
-376
8
72
-121
-128
21
59
-38
66
136
-88
-165
-33
-74
-145
55
-19
-147
18
29
-16
-164
-21
91
-91
-88
-32
-134
193
-37
-243
-147
88
183
33
-40
127
0
-96
-162
-13
-76
80
54
-316
-168
13
75
-85
-167
52
102
-24
-73
-151
-217
20
152
-53
-172
-3
136
3
-140
37
179
-33
-151
-34
-112
-100
160
-91
-150
-72
33
72
-109
-165
-48
-81
-125
-118
70
-128
-156
-115
8
-49
-36
1
-56
-136
-144
4
31
-12
0
34
-65
-88
84
107
-49
-166
-71
31
0
-57
-169
-154
-32
-121
42
-57
-95
-190
-65
19
-15
-107
-61
-207
-145
-148
-73
-82
64
82
-25
-166
-76
10
47
-47
-136
-5
45
50
-113
-156
-15
-67
-29
-5
-126
-9
-53
-9
-98
-41
12
-6
30
-49
-104
-167
-116
-46
-40
-43
-56
-16
39
36
15
-95
-47
-62
-153
-92
72
-9
-9
-43
-19
19
56
51
-131
-45
-35
29
-17
-161
-204
-112
39
-25
-131
-48
-9
97
-41
-109
-132
-138
-48
-1
-52
-111
-64
23
3
-56
-176
55
44
-174
-225
-28
49
40
-37
-123
-122
-44
-33
-125
-199
15
-16
-131
-122
-2
-59
-28
-13
3
13
-96
-113
-56
59
-89
-153
-20
-67
-74
-80
-35
36
-77
-33
-87
-107
70
-92
-54
-144
-113
-32
-59
14
-64
-39
-16
-181
-53
-42
-96
7
-68
-102
-13
-92
-95
172
35
-207
-177
147
8
-184
-8
-28
8
-67
-2
-41
-40
-115
43
79
-238
-99
-33
-73
-33
8
-61
-80
-14
2
-229
211
-82
-360
178
169
-151
-26
84
-141
-239
150
-75
-3
262
-191
25
96
-237
-54
176
-36
-61
132
-77
-252
7
-70
-67
146
-175
21
192
-304
-189
36
-244
-109
89
-93
-213
71
-107
-172
67
88
-162
19
59
-272
-200
-2
-216
-119
-18
-141
-63
-20
-148
-81
-7
-71
-45
-33
67
-243
-218
127
-67
-70
31
16
49
15
-68
31
-136
-98
-79
7
-140
-96
64
-194
-173
110
-119
-163
-21
-13
-79
-152
-57
60
-26
-249
-165
-152
-36
246
-75
-135
115
-37
-89
-71
-65
-204
-71
-58
-85
-32
-126
-4
171
-47
-78
163
-40
-129
-20
59
-32
116
-61
-121
-3
-76
-97
59
-3
-92
-77
136
55
-164
-81
-55
-54
59
-17
-51
-48
38
-92
-15
-36
-136
-3
-101
-193
-149
-111
11
-77
-100
9
12
-124
-2
-27
-21
8
128
58
-45
37
96
-115
-5
-4
-40
-1
135
-1
47
-61
-95
-15
-42
-165
-180
-123
-49
23
17
52
23
16
-29
-152
-129
-91
40
19
-44
-107
-52
-69
-20
60
-56
-85
-40
-61
-240
-81
-79
-4
82
-36
21
36
-69
-117
-187
-121
-109
-42
-6
-125
-4
-27
-76
-37
24
-4
11
-109
-61
-111
-9
8
33
86
-45
-36
28
-16
-93
-46
37
3
-12
-133
-152
-149
-63
-52
-46
-5
-52
-67
-93
7
45
-55
31
64
15
-124
-97
-20
21
58
-40
68
28
39
-73
-115
-124
-73
-48
-26
-85
-148
-67
48
-29
-24
-43
-69
-145
-101
-104
-149
-124
-56
18
-213
-88
-95
-1
-29
104
-106
-21
-52
19
-207
-153
52
-102
-74
-1
-87
-170
23
15
-111
-92
31
16
-17
-108
-161
-20
57
-49
-184
-119
63
-49
-77
-20
-127
-105
20
2
-136
7
-127
-40
-117
-79
160
-83
-189
-21
-106
7
-32
187
-54
-233
-65
49
-4
23
-47
-42
67
-184
-65
28
-57
-208
12
66
-193
-187
19
-64
-101
120
-15
-45
8
51
-144
-157
-27
-23
-22
27
-81
-267
58
103
-91
-124
38
-12
-117
-88
-37
-94
123
-21
-136
-15
115
42
-96
-23
-56
79
69
-161
-173
-68
-218
24
115
32
-106
-52
-9
-29
-51
-113
-92
20
-6
-173
-72
-27
-57
-125
-24
-32
-69
11
-93
-12
-149
-199
-55
27
-208
-47
64
-73
43
56
-31
-77
27
-61
-164
-237
-108
-47
-29
-184
-87
-9
-121
111
-99
-80
-45
-43
-81
-93
-84
-48
-64
7
68
-3
-40
-129
47
-22
-29
-105
12
54
-81
-136
-96
-72
27
-39
21
71
-100
-37
48
11
16
-30
-50
-65
-75
-83
-164
-49
-63
-43
-69
-96
-209
-77
-173
-115
-45
-138
-140
-92
3
-14
-176
-28
-44
-117
-4
-21
-61
-148
-39
88
107
72
46
184
39
-33
-98
-68
-13
-24
-42
-121
-48
-47
-187
-25
24
-3
8
23
55
-87
11
-68
-31
2
-9
-79
29
-24
11
-11
29
-29
-108
-168
-147
-109
-83
-91
-10
11
-8
-155
-33
-40
-44
-60
-77
13
-25
-52
54
-95
-19
83
55
5
52
-49
11
-83
-48
59
-3
-10
-121
-148
-154
-72
-57
-19
-46
20
159
11
-155
-125
12
-26
-54
-109
-68
-126
44
-17
32
-55
-25
-60
-33
-56
-65
-49
41
38
-189
-56
5
-5
-25
-43
57
79
-24
-9
-9
-97
-139
-26
-6
23
-43
-51
19
-17
-87
87
7
12
42
-172
-141
-95
20
-13
-5
14
119
-97
-73
-112
-165
-121
-167
-38
-129
-160
-11
92
3
-59
69
52
-116
-161
-44
-73
-140
-15
14
-33
-48
-43
7
-45
-87
-48
-61
-48
-29
-28
-41
-28
-16
-14
-21
-39
-28
35
71
-15
-39
-57
-108
-117
-88
-109
-1
-35
42
3
-123
-112
-117
-69
-51
-88
3
-138
-90
-73
-112
-115
-148
-54
64
-55
-112
-45
-17
-98
11
-16
-110
10
-113
-171
-27
-20
-125
-32
12
-29
-73
-97
-191
-101
-16
88
-26
-141
-43
76
-53
-49
-27
48
47
76
-5
-36
10
32
52
-33
0
13
-79
-53
-37
-43
-76
-41
-23
18
-164
-77
108
33
27
8
-72
-92
3
39
-83
-1
3
-139
-122
-101
-184
-127
8
103
8
-30
59
31
-77
-154
-65
-48
-111
-78
70
-190
-194
-5
-17
-95
-95
34
-96
-14
-195
-77
-27
140
-25
-21
89
44
-53
43
37
-223
-205
12
-33
-57
23
56
5
22
-60
-95
20
-21
-141
-178
-29
-13
-75
-74
-141
-160
-99
0
-5
-127
-27
99
-93
-156
-52
-69
-88
-29
-154
-117
-203
-163
-61
-181
-71
1
79
-28
-49
-211
-221
-131
-55
-30
-105
-135
-47
-73
-33
82
81
-157
-100
-29
-68
-29
28
-15
46
3
-129
-15
-25
-77
-23
-44
-13
-44
-149
-217
-89
-55
-120
-97
-124
-63
-36
-93
-49
-79
-73
-12
-19
-106
-149
-152
-84
-104
-84
-4
-92
-105
-84
-33
-91
-45
32
48
6
-25
12
-131
-5
-53
12
-67
-73
-44
-29
-84
-93
0
-60
-94
-65
-106
-8
42
-53
-107
-128
-77
-79
94
-60
15
-70
-44
-90
-32
52
20
-41
-72
-68
-153
-93
104
-66
-73
-148
-82
16
-17
-87
-23
39
7
-21
-118
-29
-92
5
138
-137
-112
-107
-104
15
21
-47
55
48
-29
-120
-141
-112
8
-181
-45
0
-52
2
-184
-183
-21
34
-36
-21
-68
-153
-71
41
27
-61
-142
-48
-109
55
-39
-116
-25
-27
-73
-137
-176
-19
60
23
-55
37
119
51
-65
-79
-73
-88
-46
18
-109
-32
-46
24
-73
32
8
-113
-136
-64
-199
-145
-33
19
-70
-61
-51
-72
-25
67
-143
-184
-129
-12
-1
-53
-121
-20
-35
-121
-148
-193
8
-5
-53
-80
-104
34
-39
-93
-209
-208
-4
-43
-33
-99
49
112
31
-13
-99
-29
7
1
18
-77
-116
8
19
-45
-24
-126
-41
-92
-85
-39
35
-64
-39
-10
-45
-80
-119
-137
95
9
-4
-101
-56
66
-131
-29
44
-63
50
-41
-83
-96
-129
-21
-45
-155
-85
-27
19
-156
-153
-71
-24
-50
-44
4
-91
-13
-1
-55
-148
-97
-47
26
-181
-156
-75
-12
11
8
-39
-144
15
-37
-111
-37
-32
-66
-34
-137
-148
-166
-100
-92
-31
-79
47
115
-25
-160
-261
-39
13
34
-81
-72
-55
51
23
-43
32
47
12
-21
-16
-33
-87
-68
-54
-21
-75
-43
43
103
100
20
-41
-67
-22
-173
-165
-123
0
19
12
-11
-4
90
-69
-103
-117
-149
-80
-70
-133
-43
45
-12
-9
-16
-16
87
-8
7
-39
-25
-32
-36
-82
-65
-5
-79
-105
-45
48
-78
-53
-80
-149
-73
-54
-111
-171
-34
39
-70
-55
-165
-113
-39
4
11
-75
10
-121
-216
-63
13
-45
28
9
4
-49
-132
-71
-29
-37
-115
14
-25
-67
-118
-20
-5
-40
-31
-24
-36
-37
-131
-109
-108
16
-98
-109
-80
-74
0
15
-40
-47
-33
0
3
-8
-5
-64
-82
50
-49
-79
-55
-21
-81
-19
-36
-93
-76
34
-68
-9
104
-70
-89
-128
-63
-48
62
-89
45
111
-61
-71
2
-161
-113
-64
-63
-21
-75
-23
16
-21
-141
-131
-1
32
125
-25
-197
-41
8
39
-89
0
92
-21
-108
-128
-175
-86
-136
-129
66
-21
-280
-211
-220
-21
-27
-228
-397
-508
-567
-639
-609
-636
-601
-556
-540
-478
-435
-428
-416
-378
-311
-252
-222
-168
-212
-180
-102
25
96
81
114
173
196
176
166
216
268
294
275
140
161
258
345
376
405
382
348
348
328
250
352
413
418
427
328
377
418
413
420
434
406
380
345
316
245
279
309
342
363
264
242
270
300
288
266
269
244
273
280
165
180
266
294
323
297
298
269
236
232
250
245
268
293
227
60
73
162
269
292
237
158
129
116
168
106
128
157
186
207
44
26
114
169
200
210
210
284
225
172
13
0
85
138
195
116
142
174
156
96
26
38
128
165
148
21
-52
-46
42
127
100
90
117
148
188
162
121
88
58
79
-28
-27
38
57
56
97
106
109
76
44
26
20
52
118
99
-52
-71
10
73
100
129
122
116
116
116
57
52
97
150
171
68
14
62
116
116
86
93
120
121
88
-39
-24
65
138
175
120
126
94
88
132
166
153
140
169
96
-15
12
30
70
155
169
166
189
200
196
150
61
44
110
131
8
77
122
149
164
133
122
117
116
128
66
60
97
154
119
-48
-75
-26
29
96
114
114
148
141
164
125
148
145
178
167
8
-26
6
52
148
182
153
120
117
96
37
44
50
110
147
88
54
65
96
128
126
97
108
114
139
32
48
78
137
168
145
122
153
164
140
78
60
92
118
183
64
45
82
137
148
153
126
160
220
180
61
-20
-31
6
63
-16
42
94
148
140
106
78
108
101
92
17
92
177
206
155
36
2
73
164
204
174
141
108
77
60
12
72
138
165
160
193
190
157
164
132
62
72
104
150
115
-36
-15
78
141
124
121
154
188
188
132
-6
36
85
82
95
-4
-7
26
57
144
206
174
168
157
124
53
112
141
174
163
60
66
126
132
168
174
193
204
177
144
33
0
26
86
116
129
158
173
172
168
94
29
72
170
343
538
788
975
1123
1161
1120
970
774
586
471
349
311
315
277
254
91
56
33
28
-21
-95
-155
-169
-168
-169
-284
-341
-384
-347
-330
-413
-360
-300
-297
-325
-415
-416
-413
-368
-321
-400
-405
-400
-399
-361
-361
-371
-320
-293
-301
-323
-292
-261
-264
-337
-444
-412
-304
-228
-233
-200
-231
-236
-185
-189
-231
-245
-273
-255
-190
-221
-188
-195
-160
-153
-183
-191
-157
-129
-129
-187
-157
-68
-23
-42
-225
-251
-191
-97
-29
-3
-19
-49
-72
-81
-164
-153
-123
-31
-18
-77
-59
-32
-57
-57
-59
-60
-85
-28
38
-76
-77
-43
16
27
-56
-91
-24
10
11
-63
-112
-53
37
2
-105
-76
-47
28
35
-27
70
56
-77
31
-238
-141
179
-16
-310
-110
56
-42
-76
11
168
-166
-73
187
-33
-315
-22
39
-87
-130
-37
16
-233
183
251
-270
-195
154
40
-49
-259
-224
100
-218
-66
131
-211
-223
98
59
-54
-135
-37
168
-257
-69
270
-155
-207
146
36
-27
55
-58
206
-160
-181
314
-46
-326
-141
-116
-219
-33
-232
53
-83
-403
179
175
-326
58
227
9
-46
-121
-19
270
-316
-137
342
-199
-293
132
-17
-164
-42
-164
162
-209
-236
327
-67
-344
70
-3
-60
82
-229
46
-140
-475
121
199
-400
-224
20
-44
-29
-97
-219
210
-152
-154
349
-77
-316
4
-12
15
57
-169
-88
31
-399
-27
310
-220
-123
74
-125
-76
-9
-204
146
-16
-306
278
167
-352
-77
-141
-88
52
-10
-332
114
-156
-221
214
-67
-275
-66
56
3
-141
-205
-311
167
-21
-156
243
0
-101
3
17
-188
-81
-150
-149
-53
-1
-270
-12
162
-192
-76
23
-125
-73
-174
-69
-72
144
-157
-329
87
-215
-184
-13
-119
-12
-121
-93
-172
-4
-308
-274
248
-81
-277
103
-71
47
-116
-92
-178
54
-290
-197
24
-113
-226
103
-57
-53
-45
-175
74
-1
-441
36
198
-155
-118
23
-129
-163
-191
-78
139
-254
-144
86
-185
-326
83
151
30
-113
-153
187
-222
-120
230
-151
-238
27
99
43
-220
-109
146
-270
85
138
-378
-258
-17
19
98
-194
86
24
-181
64
-133
-426
-12
54
-152
-99
-282
-13
-200
-182
171
-137
-251
66
-120
-17
-51
56
7
-340
37
147
-340
-181
28
-160
-77
-102
42
-308
-256
176
-28
-313
0
-76
-156
-53
122
-88
-364
107
240
-321
-329
-24
-75
-36
-1
108
-246
-77
371
39
-354
46
92
-20
-122
50
-215
-365
178
163
-358
-251
170
92
-165
-164
-81
-327
-95
274
-56
-394
-60
186
-136
-313
15
-57
-179
6
-21
-340
-346
136
191
-68
-135
-4
-53
-49
-28
-53
-136
-87
54
-65
-212
-215
-68
35
64
57
51
23
7
4
-1
-36
-75
-86
-109
-103
-31
63
87
5
-43
-13
-4
-73
-164
-89
0
5
26
-73
-67
-95
-41
-33
-63
-68
-49
-52
-65
-120
-93
-47
-48
-53
-52
-23
4
27
23
-35
-25
-17
-39
-14
-89
-128
-63
-44
-45
-48
-63
-52
27
39
-39
19
52
49
26
-121
-99
-8
63
71
29
-31
-9
-16
7
-76
-49
-52
-59
-22
-105
-91
16
51
43
33
48
47
20
27
-84
-101
-43
-11
-21
-9
-51
-32
-29
3
5
0
-29
-24
-38
-145
-105
-55
20
7
32
105
60
-13
-5
-35
-49
-49
-59
6
-81
-40
17
48
51
-3
25
55
55
63
-40
-73
-28
13
2
-137
-92
20
-21
-5
21
52
79
64
55
-40
-49
32
5
-54
-113
-115
-87
-57
-45
-35
-8
-21
8
-21
-129
-129
-51
-3
30
-4
21
-12
-5
-37
-63
-60
-21
5
42
-109
-156
-151
-96
-21
36
65
99
59
19
-67
-73
0
13
-10
-89
-87
-27
27
55
25
41
15
-8
-29
-128
-153
-96
-3
38
-53
-95
-123
-89
-13
33
-8
-21
-16
-5
-56
-13
29
29
7
-40
-71
-72
-53
-9
-35
-24
7
37
58
-49
-76
-47
-4
39
-44
-95
-41
-37
-45
-107
-73
-20
-15
-62
-125
-48
12
-12
-1
5
37
19
31
-5
-104
-101
-16
33
30
-61
-56
-79
-13
-13
-7
-8
-13
32
39
-76
-49
17
93
102
-8
-51
-40
-9
75
73
40
19
8
-66
-216
-157
-47
48
15
-60
-55
-24
7
27
1
-5
27
12
-22
-125
-128
-95
-76
-1
32
24
-1
-57
-49
-119
-41
-28
-2
62
-45
-179
-104
-116
-57
17
60
31
4
-33
-108
-101
-128
-79
30
-1
-23
4
-53
-37
-3
24
47
16
26
-88
-121
-128
-127
-78
-36
21
80
103
71
9
43
43
1
-94
-225
-152
-47
-4
27
28
61
91
15
-49
-71
-41
-48
-7
18
-89
-116
-91
-84
-57
-19
41
71
12
-25
-124
-77
-40
-11
-10
-109
-103
-43
39
-1
-71
-44
11
44
23
-76
-81
-32
-132
-110
-116
-39
12
-9
98
-91
-133
-33
8
-113
-172
-41
-340
-133
-122
-104
-135
-228
-337
-461
-571
-613
-598
-558
-549
-630
-610
-507
-452
-393
-336
-343
-297
-277
-261
-284
-221
-144
-111
-90
-133
-44
-11
75
135
141
153
191
212
195
108
127
216
289
330
331
309
281
311
343
349
368
387
417
375
223
223
305
389
446
432
437
404
378
347
305
284
319
349
370
191
156
221
288
311
340
321
287
255
219
141
195
280
301
250
119
168
221
251
235
237
257
231
208
223
140
107
104
145
202
131
149
149
191
243
245
200
115
112
139
84
127
177
209
214
112
81
88
87
83
109
163
171
137
102
-45
-72
-23
64
155
156
137
132
103
99
37
11
28
117
142
27
8
89
104
75
81
113
103
103
95
-3
27
44
101
122
-5
0
29
111
131
97
96
67
108
115
4
19
100
73
50
-9
-19
48
79
71
77
88
55
24
-49
-136
-77
1
88
115
84
89
92
107
107
37
63
71
45
66
-37
-48
9
68
91
96
129
163
163
99
37
31
120
165
170
3
-23
57
111
95
53
25
59
48
11
-60
15
104
177
174
59
25
52
75
111
141
116
91
92
118
12
39
57
61
150
124
105
120
143
131
89
60
87
113
106
-77
-64
25
100
123
64
89
116
123
91
29
23
51
41
62
-45
4
49
68
111
77
133
131
163
155
56
55
96
141
166
35
-15
-15
31
83
89
100
163
172
135
48
63
128
161
150
92
129
144
147
179
153
124
91
73
82
-61
-60
5
73
159
152
185
152
111
127
85
87
87
105
126
23
64
157
200
123
96
89
123
123
107
52
23
52
49
66
-13
17
105
111
79
97
81
75
108
135
68
87
176
109
62
3
21
53
123
107
49
72
95
92
99
-8
19
85
116
146
120
93
116
139
135
125
131
99
105
98
-5
63
97
128
151
148
141
171
199
207
125
99
112
161
162
39
36
69
99
127
144
85
79
68
31
-28
-1
56
141
146
95
120
121
131
107
77
100
123
148
127
68
107
97
97
138
112
141
156
158
99
65
96
107
113
138
-4
12
89
120
115
84
65
136
183
179
89
51
83
121
142
11
-8
57
148
175
173
145
127
127
75
-44
-77
12
97
118
-29
-55
25
55
55
73
85
87
116
131
64
71
77
109
106
47
25
32
27
71
105
120
135
164
171
27
11
37
69
155
188
185
172
147
119
49
59
87
145
122
-33
-20
37
96
163
192
225
183
183
143
65
99
100
129
162
79
76
109
103
71
85
112
87
64
95
12
-13
44
89
86
-13
13
101
87
75
105
132
159
164
131
40
67
101
129
107
48
17
52
135
191
185
215
187
141
74
-57
20
113
152
211
188
161
132
111
79
17
39
68
41
38
-33
16
109
164
175
141
113
99
131
115
12
15
44
121
146
35
41
73
107
107
77
88
119
152
171
84
107
136
165
154
95
61
72
103
131
109
136
163
189
198
16
15
65
108
99
84
117
120
135
151
89
63
35
41
42
-61
-32
1
56
135
164
165
123
91
71
-43
-41
36
129
170
11
-16
17
51
111
149
176
171
144
83
0
15
72
145
182
99
57
61
95
71
77
80
103
72
39
-76
-33
56
93
159
132
137
180
143
79
37
48
79
97
58
-89
-56
37
108
131
128
113
111
139
151
33
27
100
161
182
75
72
105
136
147
113
112
87
64
95
40
43
72
105
130
-1
-7
25
59
135
169
152
179
156
163
104
111
116
145
142
56
45
72
135
191
105
40
55
80
46
-101
-57
9
68
95
80
109
116
131
123
61
95
163
169
90
-65
-24
61
88
147
173
205
191
159
159
60
55
88
121
118
-21
-15
73
167
151
109
80
51
36
63
36
59
56
85
122
91
109
137
191
183
129
100
71
68
95
4
3
69
97
123
96
101
108
127
183
157
152
179
157
122
-13
-56
-27
56
123
92
65
75
95
87
9
63
112
117
130
35
32
65
135
199
173
145
119
96
119
69
426
936
1434
1809
2017
2242
2208
2011
1737
1470
1214
957
705
519
249
160
110
50
19
-127
-198
-231
-264
-352
-482
-560
-582
-633
-684
-792
-741
-737
-723
-681
-657
-653
-655
-677
-650
-633
-592
-636
-632
-571
-592
-564
-512
-515
-517
-492
-500
-493
-521
-495
-494
-471
-454
-437
-383
-423
-350
-317
-323
-331
-297
-230
-171
-158
-207
-294
-251
-194
-129
-119
-146
-109
-42
-11
-35
-117
-118
-103
-37
33
-51
-51
-5
6
33
18
51
78
89
85
15
42
141
215
192
1
42
123
170
141
139
179
173
141
153
79
133
226
283
288
173
190
-4
181
237
32
139
201
-117
72
105
-31
222
314
73
153
297
8
129
257
-16
230
213
27
253
225
-14
306
243
117
278
250
80
357
225
143
329
213
44
336
26
85
346
111
69
365
67
177
428
54
79
324
-13
219
376
-59
257
381
103
293
334
-64
224
162
-106
195
232
-68
338
245
13
266
189
-74
313
183
87
400
194
-51
209
-46
39
370
217
70
418
115
160
376
75
-25
452
143
88
256
82
-87
354
133
18
263
146
-71
296
139
-6
225
205
-179
112
170
-36
258
412
56
283
413
94
249
306
85
46
299
53
-3
135
178
-30
244
110
-97
77
241
-14
54
208
-45
35
228
130
-32
298
213
5
103
190
1
130
296
-50
17
135
182
-59
102
265
-49
68
205
146
-26
276
202
-28
5
106
22
-77
193
106
-36
149
217
50
11
281
170
-40
120
141
35
43
297
157
27
142
313
169
-103
82
89
-117
119
292
225
-8
194
185
-94
43
247
380
83
45
178
57
-21
146
237
133
-56
182
237
18
95
154
229
-1
52
113
45
-44
118
237
226
44
130
208
90
83
177
201
122
-28
89
166
24
114
197
310
191
85
253
169
-81
44
87
158
48
-59
162
151
-54
-31
146
242
121
-18
141
194
77
55
131
80
57
-37
63
225
113
-36
90
185
186
89
5
205
234
51
41
150
206
174
49
137
286
205
85
95
128
21
34
87
222
205
142
159
154
146
249
139
121
182
211
168
65
122
127
162
93
187
179
165
98
97
14
69
150
183
180
93
98
43
133
205
215
234
213
150
117
2
-15
51
134
140
181
111
98
121
169
107
102
177
219
184
37
66
183
258
153
118
143
218
197
161
79
65
146
135
104
33
38
55
193
117
123
155
137
110
129
78
81
166
215
252
169
167
167
241
201
183
202
181
158
173
122
113
163
219
168
82
183
266
253
157
107
182
133
43
108
1
1
102
119
189
78
95
134
89
105
99
137
137
67
160
81
30
35
34
101
-26
83
181
149
133
99
208
130
55
172
145
115
162
181
169
-25
51
133
-6
41
8
188
35
115
328
118
127
249
277
173
35
282
161
-13
125
58
132
-64
-16
256
-45
115
50
165
58
-16
273
177
111
148
57
188
19
190
321
7
162
189
157
6
-84
253
205
68
160
-27
169
11
205
356
52
150
109
168
172
46
177
222
40
224
109
289
108
2
257
167
47
181
79
233
-44
85
303
75
32
125
22
224
50
133
219
58
109
210
81
66
-133
108
203
1
14
147
79
281
35
37
169
-10
43
164
13
192
103
78
217
-13
3
229
109
77
62
-95
133
238
80
9
106
103
277
106
31
170
89
-10
93
94
-6
172
33
92
205
55
19
133
153
89
230
29
60
232
14
-19
174
250
269
322
77
187
321
90
-76
65
61
28
193
-102
-17
255
202
77
214
167
162
324
189
79
165
153
-17
136
153
123
246
237
13
153
206
1
14
97
7
-27
91
-51
60
133
59
95
189
217
151
250
145
7
129
70
85
123
159
112
66
182
102
184
213
123
90
137
171
157
126
-6
20
162
133
110
139
174
225
217
44
14
114
107
128
33
22
154
205
209
179
179
189
150
133
94
121
157
182
136
133
139
159
145
189
127
123
177
90
93
126
129
67
107
152
74
151
143
105
97
111
90
89
71
68
-11
54
23
107
232
134
119
118
133
77
90
53
137
247
224
33
74
199
218
221
190
83
145
185
117
26
21
126
187
168
9
95
234
245
245
195
210
169
134
109
54
141
175
219
252
118
163
198
113
185
159
106
117
114
96
-15
-23
47
115
97
94
191
194
157
74
63
177
280
207
160
65
3
110
78
137
262
147
62
165
122
140
74
134
290
252
41
90
82
181
177
140
223
217
93
97
126
212
213
36
152
173
63
103
157
177
213
66
153
214
125
2
105
194
197
41
86
147
87
156
213
186
146
109
187
161
-50
73
175
278
149
55
203
185
65
169
192
205
-2
43
200
49
-81
131
249
261
63
59
165
62
161
131
193
99
123
288
173
3
83
193
172
-49
183
349
135
141
75
213
60
91
240
37
-45
122
324
209
28
286
376
135
113
62
113
-33
134
256
-10
19
63
224
77
36
209
-22
105
160
133
-97
-12
295
174
78
187
313
150
10
228
169
6
150
264
37
-65
271
254
-14
150
234
197
-50
77
138
-79
182
370
261
5
75
206
-6
69
186
277
13
119
260
-61
81
191
270
61
34
190
59
61
129
262
42
65
190
97
-71
61
159
75
149
214
219
214
253
133
35
69
161
195
156
29
34
71
138
221
194
115
189
249
261
158
101
142
167
144
113
146
163
117
117
175
198
169
194
197
62
9
15
147
188
69
7
38
69
113
147
238
201
174
153
62
121
170
198
153
166
211
178
185
149
103
161
161
122
100
121
216
673
415
192
284
-63
471
311
607
809
211
589
641
833
799
503
436
485
904
595
467
733
867
477
261
509
980
1151
942
658
699
688
822
355
53
328
575
447
384
-169
-331
-182
-126
-183
-274
-296
-177
-243
-191
-165
-159
-231
-241
-152
-259
-210
-162
-254
-232
-226
-288
-131
-171
-215
-225
-195
-187
-253
-181
-299
-318
-265
-194
-191
-198
-208
-91
-222
-163
-158
-223
-206
-82
-116
-366
-170
-253
-335
-271
-106
-269
-195
1
-243
-346
-156
-257
-348
-80
-278
-306
-201
-32
-203
-233
-39
-298
-158
-132
-271
-414
-174
-135
-347
-230
-142
-214
-295
-187
-262
-303
-294
-206
-359
-307
-234
-360
-183
-199
-114
-281
-147
-135
-334
-230
-159
-190
-312
-140
-243
-305
-209
-119
-215
-344
-174
-175
-230
-223
-195
-379
-377
-134
-168
-199
-252
-182
-299
-167
-53
-182
-179
-169
-44
-306
-291
-177
-209
-171
-158
-86
-317
-259
-63
-169
-290
-255
-138
-280
-339
-115
-189
-265
-239
-47
-268
-198
-48
-215
-333
-255
-150
-192
-228
-239
-190
-189
-198
-155
-130
-201
-167
-114
-47
-249
-227
-154
-169
-148
-271
-257
-193
-187
-203
-209
-298
-287
-142
-67
-126
-139
-134
-161
-199
-167
-161
-178
-179
-227
-249
-183
-195
-177
-172
-354
-342
-285
-166
-139
-182
-189
-186
-159
-127
-213
-163
-191
-201
-176
-283
-214
-221
-214
-143
-214
-233
-199
-155
-127
-309
-315
-274
-130
-188
-311
-282
-189
-166
-159
-208
-126
-271
-294
-187
-182
-287
-277
-229
-80
-206
-217
-130
-76
-171
-177
-162
-123
-241
-231
-258
-151
-265
-241
-159
-83
-185
-182
-76
-55
-229
-263
-203
-98
-255
-363
-174
-18
-134
-211
-161
-58
-186
-311
-203
-222
-283
-266
-181
-192
-315
-325
-173
-91
-139
-225
-185
-107
-134
-143
-270
-275
-250
-233
-200
-271
-245
-126
-67
-99
-169
-162
-139
-198
-223
-274
-219
-194
-193
-191
-198
-169
-142
-115
-79
-173
-138
-75
-86
-151
-259
-226
-161
-158
-143
-114
-133
-166
-187
-147
-209
-175
-115
-65
-48
-219
-194
-161
-130
-119
-121
-149
-167
-139
-187
-246
-219
-210
-181
-184
-271
-230
-197
-163
-131
-173
-190
-139
-122
-147
-222
-171
-129
-113
-120
-119
-125
-185
-191
-143
-113
-142
-128
-162
-212
-299
-207
-178
-185
-111
-102
-157
-158
-127
-59
-189
-95
-91
-166
-324
-331
-222
-261
-210
-155
-173
-205
-294
-72
-215
-321
-207
-197
-78
-304
-275
-202
-297
-155
-243
-138
-170
-275
-47
-382
-306
-331
-273
-46
-367
-211
-317
-210
-250
-235
-180
-51
-255
-7
-327
-156
-390
-225
-86
-255
-247
-127
-257
-67
-207
-248
-64
-306
-51
-211
-267
-214
-154
-173
56
-264
9
-329
-104
-338
-242
-290
-11
-311
72
-315
-4
-327
-111
-218
-138
-295
-83
-317
-8
-260
-103
-137
-217
-168
-143
-236
-158
-311
-267
-70
-253
-76
-181
-124
-277
-236
-293
-52
-331
-48
-324
-95
-238
-139
-241
-8
-330
28
-303
-220
-425
-243
-336
-8
-313
44
-297
-8
-222
-90
-270
-108
-423
-28
-342
-24
-275
-95
-158
17
-335
-48
-350
-108
-448
-292
-261
-47
-319
-112
-329
-165
-210
-235
-137
-50
-302
-75
-215
-281
-287
-326
-197
-12
-206
-90
-229
-251
-139
-312
-230
-100
-313
-176
-187
-410
-166
-261
-279
-135
-217
-174
0
-230
-257
-190
-159
-58
-211
-435
-255
-237
-330
-207
-182
-113
-162
-207
-127
-165
-163
-158
-94
-168
-275
-278
-201
-111
-87
-161
-221
-163
-130
-123
-238
-227
-134
-81
-84
-243
-237
-177
-183
-159
-129
-62
-40
-158
-207
-350
-323
-301
-241
-231
-198
-141
-114
-115
-159
-133
-138
-179
-113
-96
-263
-251
-201
-110
-99
-174
-197
-143
-191
-195
-197
-155
-135
-145
-164
-279
-290
-229
-114
-103
-145
-157
-123
-159
-183
-237
-207
-174
-117
-156
-299
-293
-205
-191
-159
-133
-118
-167
-265
-207
-290
-239
-270
-337
-232
-167
-169
-157
-171
-179
-169
-230
-231
-141
-52
-226
-71
-108
2
-199
-266
22
-90
-363
-215
-213
-56
-267
-372
-136
-255
-378
-182
-234
-12
-265
-375
-15
-198
-231
-210
-294
-16
-317
-364
-163
-346
-365
-163
-274
116
-237
-275
41
-203
-334
-239
-352
88
-231
-258
149
-150
-259
-143
-247
179
-194
-136
216
-242
-215
-146
-304
67
-253
-164
176
-275
-194
-122
-337
163
-39
164
204
-345
-133
53
-266
163
-119
10
260
-290
-237
-123
-313
215
40
128
192
-374
-115
-119
-276
144
26
281
412
-275
-200
-162
-273
63
54
274
437
-165
-72
-137
-270
-52
74
108
182
-242
-234
-213
-235
-218
25
-69
217
-86
-289
-209
-135
-251
132
-138
265
113
-300
-207
-183
-291
187
-238
60
22
-397
-171
-269
-324
-136
-182
-61
206
-122
-55
-248
-239
-274
84
-299
108
-91
-303
-227
-316
-245
57
-205
-20
66
-375
-100
-237
-159
-308
8
-347
38
-76
-290
-213
-198
-219
-43
-193
-122
25
-280
-61
-314
-159
-212
100
-250
85
-66
-193
-206
-152
-180
-189
-8
-21
56
-414
-100
-283
-86
-163
17
-238
-7
-8
-266
-178
-259
-174
-229
-16
-271
34
-164
-103
-211
-210
-233
-218
40
-56
104
-191
-78
-239
-108
-199
-157
-228
-254
-55
-225
-40
-263
-142
-191
-151
-382
-252
-185
-343
-195
-368
-237
-259
-88
-281
-203
-175
-260
-112
-298
-238
-292
-123
-343
-171
-110
-138
-63
-231
-233
-255
-191
-305
-148
-159
-226
-134
-218
-155
-214
-146
-231
-291
-199
-317
-208
-266
-185
-120
-167
-162
-177
-83
-170
-146
-158
-139
-142
-151
-266
-247
-178
-129
-120
-239
-277
-245
-155
-143
-153
-154
-183
-185
-155
-271
-231
-165
-146
-215
-286
-221
-134
-79
-151
-229
-242
-175
-201
-192
-327
-362
-305
-238
-179
-206
-221
-151
-87
-119
-205
-127
-186
-169
-160
-247
-309
-265
-182
-179
-142
-173
-163
-147
-207
-321
-287
-138
-220
-92
-147
-185
-166
-259
-159
-130
-114
-203
-130
-107
-162
-163
-197
-122
-120
-74
-117
-197
-175
-255
-233
-206
-163
-121
-124
-183
-350
-166
-245
-235
-110
-193
-258
-223
-112
-337
-239
-298
-250
-248
-363
-318
-285
-241
-179
-320
-189
-183
-198
-183
-222
-231
-282
-119
-228
-235
-237
-182
-183
-87
-153
-245
-203
-238
-323
-382
-287
-237
-205
-172
-191
-202
-147
-287
-128
-245
-107
-96
-165
-128
-306
-246
-209
-197
-131
-154
-176
-122
-195
-167
-238
-128
-286
-126
-224
-247
-155
-220
-178
-211
-205
-272
-290
-250
-127
-272
-327
-222
-177
-200
-152
-273
-98
-151
-127
-90
-161
-123
-142
-119
-321
-207
-204
-141
-160
-219
-241
-210
-171
-88
-293
-175
-251
-246
-192
-298
-171
-138
-97
-167
-162
-200
-130
-127
-143
-166
-254
-254
-143
-212
-203
-230
-245
-199
-259
-250
-226
-103
-318
-167
-268
-143
-186
-196
-124
-259
-321
-257
-278
-247
-222
-269
-239
-255
-171
-242
-104
-249
-98
-204
-251
-198
-260
-147
-127
-117
-268
-124
-205
-191
-278
-227
-178
-217
-152
-155
-238
-135
-136
-231
-182
-202
-167
-198
-81
-322
-175
-248
-169
-159
-197
-113
-138
-195
-194
-174
-187
-163
-169
-156
-208
-301
-241
-104
-211
-98
-177
-174
-155
-270
-293
-239
-186
-319
-148
-307
-278
-265
-234
-123
-129
-160
-127
-218
-175
-210
-255
-202
-161
-104
-163
-83
-308
-112
-150
-149
-206
-283
-130
-183
-389
-378
-261
-178
-180
-206
-198
-194
-211
-243
-191
-334
-127
-121
-160
-327
-262
-153
-169
-175
-216
-133
-174
-199
-239
-202
-136
-202
-142
-112
-303
-191
-181
-154
-159
-216
-161
-195
-217
-186
-293
-223
-186
-145
-172
-287
-249
-170
-96
-203
-177
-237
-175
-205
-235
-378
-339
-217
-71
-160
-123
-213
-138
-179
-207
-210
-202
-195
-201
-224
-274
-210
-157
-106
-147
-102
-117
-166
-235
-183
-229
-195
-194
-249
-208
-291
-282
-174
-258
-219
-241
-190
-219
-218
-155
-233
-207
-159
-261
-168
-263
-150
-165
-195
-151
-133
-86
-44
-210
-167
-298
-267
-198
-225
-160
-198
-213
-190
-263
-211
-213
-242
-247
-213
-88
-214
-191
-225
-245
-176
-138
-133
-90
-163
-155
-189
-246
-215
-189
-208
-311
-322
-277
-226
-195
-165
-157
-178
-135
-103
-157
-187
-242
-193
-124
-191
-222
-289
-254
-119
-93
-125
-151
-166
-107
-170
-211
-182
-181
-116
-207
-241
-181
-87
-75
-77
-106
-119
-106
-96
-234
-247
-241
-181
-156
-198
-169
-126
-143
-155
-233
-203
-195
-181
-188
-319
-287
-257
-214
-95
-58
-73
-102
-75
-63
-185
-211
-167
-137
-116
-151
-174
-217
-222
-163
-145
-173
-239
-266
-247
-301
-271
-221
-153
-152
-231
-174
-173
-143
-195
-181
-142
-79
-50
-115
-226
-211
-130
-129
-120
-178
-137
-101
-71
-75
-129
-186
-175
-149
-99
-183
-243
-277
-229
-135
-118
-141
-130
-171
-207
-277
-251
-251
-233
-232
-335
-334
-277
-222
-187
-205
-133
-131
-131
-139
-221
-171
-138
-185
-188
-247
-221
-165
-183
-175
-209
-205
-91
-62
-107
-281
-219
-190
-197
-124
-83
-54
-201
-191
-143
-205
-230
-195
-130
-123
-274
-319
-273
-245
-120
-178
-173
-186
-131
-43
-73
-103
-159
-181
-184
-319
-294
-205
-146
-63
-14
-121
-170
-143
-139
-177
-195
-178
-165
-152
-267
-278
-245
-127
-123
-94
-121
-187
-143
-143
-274
-263
-170
-82
-92
-175
-157
-66
-167
-183
-133
-86
-95
-162
-223
-222
-175
-97
-65
-76
-174
-185
-193
-163
-171
-145
-166
-155
-165
-144
-287
-303
-201
-149
-79
-102
-161
-222
-147
-147
-245
-219
-211
-169
-152
-187
-210
-205
-158
-199
-178
-193
-251
-215
-259
-258
-227
-217
-70
-184
-227
-253
-221
-167
-219
-177
-233
-211
-190
-171
-214
-191
-241
-133
-151
-270
-229
-234
-227
-207
-109
-162
-140
-113
-171
-203
-239
-225
-169
-84
-143
-142
-166
-267
-179
-153
-206
-207
-122
-260
-351
-298
-297
-302
-283
-174
-221
-174
-155
-247
-270
-327
-302
-261
-260
-383
-306
-213
-186
-147
-197
-169
-87
-54
-99
-277
-275
-218
-165
-108
-179
-257
-214
-211
-159
-129
-86
-95
-170
-160
-250
-227
-201
-142
-120
-190
-185
-170
-199
-203
-289
-278
-211
-213
-224
-319
-270
-296
-134
-48
-241
-245
-234
-247
-199
-201
-247
-203
-161
-164
-271
-230
-126
-202
-255
-116
-110
-182
-178
-75
-281
-251
-67
-233
-339
-307
-190
-217
-223
-179
-113
-142
-259
-194
-207
-235
-183
-228
-258
-264
-130
-103
-256
-56
-44
-73
-177
-139
-209
-128
-153
269
170
10
-290
-142
-16
-286
-267
19
-136
-508
69
-122
80
66
151
99
-119
452
68
-250
-35
-201
-126
-138
-353
-69
65
-204
-134
175
64
-154
-250
-9
-76
-134
-265
-282
-130
-318
-233
-256
-163
-146
-339
-181
-214
-142
-152
-177
-146
-149
-138
-245
-194
-208
-205
-402
-134
-160
-174
-294
-90
-204
-201
-122
-144
-183
-326
-269
-121
-73
-74
-121
-184
-177
-166
-146
-216
-230
-158
-160
-147
-222
-177
-180
-98
-90
-97
-132
-150
-193
-166
-204
-210
-161
-168
-179
-218
-200
-173
-214
-214
-176
-240
-198
-257
-286
-305
-294
-232
-164
-39
-185
-184
-157
-162
-118
-203
-201
-174
-188
-135
-281
-166
-144
-105
-118
-213
-188
-181
-190
-213
-240
-246
-210
-181
-283
-366
-242
-212
-165
-102
-52
-112
-82
-225
-250
-217
-274
-198
-232
-131
-318
-181
-271
-245
-58
-104
-153
-202
-97
-146
-177
-254
-348
-229
-286
-258
-204
-145
-210
-150
-160
-356
-95
-196
-258
-194
-286
-220
-155
-34
-337
-37
-133
-306
-50
-275
-162
-178
49
-354
-326
-137
-362
-35
-309
-137
-240
-158
-322
-294
-81
-381
-138
-192
-207
-194
-200
-200
-380
-7
-188
-291
-130
-209
-134
-268
-134
-356
-304
-167
-354
-137
-108
-138
-174
-2
-217
-254
50
-209
-309
-266
-256
-289
-127
-234
-388
-157
-110
-217
-124
-101
-143
-85
-155
-298
-106
-67
-204
-234
-105
-212
-233
-126
-174
-197
-130
-142
-264
-207
-262
-268
-232
-205
-226
-156
-84
-86
-114
-198
-264
-202
-117
-68
-83
-218
-233
-272
-186
-106
-148
-164
-110
-117
-94
-181
-166
-196
-168
-131
-189
-172
-145
-150
-118
-120
-97
-114
-144
-139
-305
-266
-240
-173
-122
-105
-168
-221
-146
-90
-136
-133
-118
-160
-195
-278
-261
-204
-121
-130
-160
-196
-238
-250
-238
-256
-170
-126
-128
-155
-190
-248
-172
-117
-70
-72
-133
-198
-185
-126
-196
-127
-61
-76
-107
-210
-236
-161
-182
-90
-56
-72
-106
-109
-130
-221
-194
-136
-104
-122
-109
-24
-92
-118
-122
-124
-58
-182
-236
-211
-290
-202
-145
-145
-146
-177
-160
-109
-142
-246
-268
-242
-142
-112
-91
-206
-206
-351
-170
-202
-196
-137
-102
-169
-126
-309
-370
-213
-232
-167
-202
-181
-331
-31
-242
-236
-145
-119
-248
-150
-205
-170
-208
-180
-111
-261
-165
-188
-186
-86
-120
-129
-110
-140
-75
-221
-178
-144
-200
-178
-145
-192
-205
-162
-146
-140
-134
-134
-112
-151
-282
-261
-224
-165
-150
-181
-244
-174
-134
-134
-197
-282
-201
-140
-163
-262
-193
-191
-150
-246
-216
-157
-146
-233
-174
-244
-171
-136
-156
-143
-198
-233
-313
-278
-202
-141
-252
-278
-253
-182
-297
-282
-156
-116
-166
-221
-216
-169
-94
-154
-320
-209
-134
-185
-203
-322
-217
-36
-81
-182
-193
-140
-177
-210
-178
-148
-78
-97
-168
-167
-278
-325
-272
-229
-162
-124
-65
-154
-213
-154
-181
-182
-208
-176
-111
-178
-140
-129
-194
-186
-196
-169
-174
-201
-238
-273
-206
-216
-172
-95
-122
-176
-157
-102
-126
-136
-133
-146
-152
-186
-329
-214
-156
-189
-190
-233
-128
-69
-66
-50
-148
-126
-177
-132
-139
-290
-245
-172
-145
-122
-133
-200
-182
-162
-126
-169
-202
-101
-68
-95
-298
-229
-164
-173
-186
-181
-201
-102
-105
-170
-233
-202
-173
-88
-3
-222
-188
-129
-298
-246
-156
-117
-146
-69
-202
-349
-118
-240
-181
-178
-165
-132
-125
-222
-326
-101
-169
-254
-145
-299
-322
-249
-120
-280
-238
-73
-203
-38
-281
-266
-240
-210
-113
-319
-111
-270
-359
-138
-328
-114
-229
-180
-142
-257
-23
-232
-83
-145
-152
-118
-282
-130
-368
-187
-90
-390
-90
-326
-157
-202
-297
-123
-359
-176
-218
-285
-125
-308
-91
-182
-199
-94
-365
-117
-270
-374
-258
-355
-201
-226
-180
-105
-320
-118
-173
-140
-134
-309
-117
-243
-310
-157
-298
-74
-253
-164
-73
-154
-58
-154
-248
-170
-308
-96
-186
-274
-177
-264
-106
-106
-117
-129
-346
-193
-258
-389
-262
-264
-121
-147
-218
-209
-329
-198
-185
-255
-90
-226
-129
-159
-238
-83
-225
-184
-86
-259
-136
-332
-283
-218
-256
-158
-214
-204
-23
-321
-145
-220
-209
-90
-208
-159
-86
-225
-11
-232
-154
-53
-239
-91
-234
-199
-185
-365
-31
-152
-159
10
-205
-63
-268
-246
-106
-343
-71
-158
-315
-118
-330
-190
-156
-172
-95
-292
-87
-197
-341
-105
-248
-154
-193
-294
-106
-294
-182
-180
-341
-95
-275
-215
-230
-257
-146
-340
-162
-109
-311
-90
-170
-186
-185
-206
-90
-239
-135
-234
-372
-209
-229
-222
-172
-169
-174
-328
-118
-153
-310
-181
-195
-235
-306
-237
-213
-353
-142
-54
-288
-154
-81
-214
-218
-178
-188
-387
-207
-86
-316
-241
-146
-205
-264
-232
-198
-224
-39
-226
-301
-292
-182
-298
-94
-235
-153
-90
-126
-153
-210
-178
-208
-123
-262
-257
-239
-157
-194
-169
-176
-122
-142
-210
-193
-230
-305
-125
-155
-254
-260
-212
-118
-170
-264
-301
-226
-185
-166
-225
-170
-141
-188
-99
-94
-96
-152
-134
-186
-196
-161
-158
-188
-134
-242
-242
-145
-224
-210
-141
-85
-185
-194
-190
-239
-134
-194
-204
-155
-286
-302
-259
-57
-130
-236
-184
-197
-242
-166
-228
-127
-308
-101
-271
-426
-352
-240
-297
-254
-255
-296
-210
-260
-8
-127
73
-129
-102
-290
-247
-141
-275
-127
-210
-184
-145
-150
-33
-238
-254
-346
-241
-327
-51
-273
-193
-256
-322
-313
-33
-82
-190
-247
-39
-202
-69
-94
-276
-90
-141
-207
-138
-178
-130
-315
-123
-285
-184
-99
-226
-193
-112
-34
-50
-92
-160
-154
-245
-214
-260
-230
-141
-76
-75
-178
-232
-240
-182
-150
-184
-189
-246
-205
-198
-189
-146
-125
-112
-99
-158
-192
-220
-166
-154
-188
-161
-94
-73
-126
-290
-290
-212
-137
-123
-157
-124
-85
-70
-102
-144
-150
-150
-129
-155
-266
-197
-140
-97
-126
-97
-84
-110
-130
-118
-172
-178
-173
-135
-59
-174
-236
-220
-186
-194
-157
-69
-90
-113
-90
-185
-226
-109
-132
-127
-186
-208
-148
-166
-106
-176
-228
-115
-233
-171
-277
-222
-224
-244
-162
-174
-5
-189
-234
10
-210
-141
-174
-105
-174
-353
-154
-434
-156
-38
-220
-66
-261
-126
-258
-334
-210
-484
-77
-255
-334
-194
-335
-233
-190
-28
-101
-282
-27
-246
-178
-270
-205
-184
-179
-76
-416
-178
-154
-226
-50
-284
-262
-256
-178
-71
-326
-15
-189
-103
-134
-303
-185
-230
-144
-21
-176
46
-139
-46
-313
-361
-332
-324
-138
-28
79
135
-130
-85
-239
-241
-122
-105
72
-150
119
5
-44
-82
-188
-139
-130
-190
-23
-251
152
-92
-67
-155
-270
-188
-203
-178
149
5
357
-9
138
-125
-293
-282
-288
-215
149
193
405
-39
62
-233
-147
-149
-194
-166
169
226
409
102
259
-222
-233
-196
-216
-130
54
299
294
-34
-49
-291
-381
-357
-241
-84
27
347
257
150
38
-333
-320
-294
-230
38
53
337
-56
22
-78
-234
-120
-219
-182
113
79
335
-61
224
-93
-299
-258
-291
-235
137
118
451
-157
244
-102
-223
-241
-286
-218
199
340
386
-347
69
-246
-151
-219
-240
-66
158
399
278
-462
1
-304
-71
-136
-187
-144
57
432
400
-298
186
-242
-19
-305
-268
-208
111
449
362
-329
84
-362
-168
-396
-307
-133
106
322
325
-346
131
-370
-196
-272
-194
-143
49
20
217
-470
24
-204
-96
-166
-249
-212
41
-10
469
-268
-103
-204
-211
-222
-306
-275
22
-38
487
-226
-266
-56
-263
87
-275
-164
-13
-212
246
-187
-451
55
-355
111
-292
-128
-156
-63
566
238
-325
51
-243
159
-208
-75
-336
112
238
573
-48
-187
71
150
296
26
-106
18
-118
642
65
-285
13
-240
289
-198
-130
-334
-222
-198
91
-200
-195
-420
-337
-225
-250
-194
-294
-138
-243
-177
-351
-354
-493
-360
-289
-286
-198
-314
-134
-334
-202
-372
-338
-353
-348
-239
-366
-385
-432
-337
-294
-264
-360
-382
-305
-286
-309
-246
-229
-209
-295
-322
-272
-236
-262
-262
-264
-240
-226
-185
-206
-408
-294
-260
-212
-199
-202
-204
-169
-194
-194
-192
-205
-198
-225
-386
-294
-270
-303
-189
-207
-265
-288
-221
-170
-242
-252
-250
-198
-184
-219
-354
-293
-216
-221
-242
-228
-204
-174
-218
-194
-248
-254
-213
-208
-243
-314
-257
-268
-258
-230
-176
-161
-166
-165
-218
-297
-290
-245
-240
-211
-298
-300
-272
-242
-166
-108
-149
-210
-272
-294
-429
-386
-288
-216
-187
-261
-268
-281
-266
-266
-292
-281
-294
-232
-207
-378
-381
-292
-205
-230
-165
-144
-94
-174
-214
-276
-254
-261
-236
-199
-278
-265
-280
-305
-278
-280
-280
-286
-237
-214
-296
-266
-265
-236
-203
-274
-276
-277
-254
-250
-260
-225
-222
-245
-270
-269
-258
-276
-221
-239
-266
-268
-244
-230
-242
-244
-273
-202
-193
-286
-410
-334
-248
-212
-174
-165
-208
-209
-238
-238
-236
-230
-190
-160
-255
-350
-309
-216
-189
-190
-240
-272
-301
-202
-158
-221
-278
-177
-152
-223
-326
-261
-224
-190
-202
-216
-209
-266
-305
-306
-345
-330
-273
-212
-202
-234
-240
-229
-206
-182
-176
-169
-234
-213
-203
-317
-318
-280
-236
-198
-185
-224
-293
-298
-310
-360
-230
-138
-132
-199
-382
-389
-308
-213
-162
-165
-144
-149
-170
-226
-308
-266
-217
-220
-203
-326
-352
-300
-245
-138
-160
-173
-226
-237
-238
-321
-310
-217
-172
-175
-302
-336
-277
-222
-242
-272
-237
-162
-177
-258
-345
-270
-188
-216
-187
-245
-244
-229
-226
-226
-256
-262
-266
-248
-219
-401
-385
-276
-233
-214
-141
-152
-245
-274
-238
-300
-318
-286
-256
-231
-322
-297
-264
-261
-226
-276
-280
-286
-257
-162
-293
-326
-333
-252
-211
-370
-325
-292
-218
-258
-352
-337
-246
-193
-178
-253
-242
-217
-225
-306
-321
-288
-281
-286
-250
-216
-237
-222
-276
-294
-377
-326
-296
-229
-250
-217
-152
-173
-206
-194
-264
-282
-222
-164
-199
-350
-329
-248
-233
-254
-165
-156
-174
-174
-186
-272
-242
-153
-140
-163
-274
-268
-192
-158
-178
-188
-172
-178
-237
-306
-397
-362
-297
-296
-299
-342
-324
-285
-302
-302
-320
-313
-302
-209
-270
-397
-382
-304
-224
-175
-201
-196
-233
-222
-166
-252
-257
-202
-176
-155
-258
-273
-268
-300
-278
-281
-288
-269
-286
-302
-260
-158
-137
-148
-179
-362
-313
-181
-149
-162
-196
-220
-238
-265
-222
-249
-246
-213
-132
-159
-346
-372
-284
-242
-190
-184
-141
-170
-237
-294
-421
-426
-420
-332
-231
-198
-212
-185
-242
-178
-172
-141
-182
-256
-223
-330
-330
-296
-225
-182
-193
-244
-217
-210
-222
-292
-234
-333
-308
-263
-298
-325
-245
-153
-186
-229
-276
-222
-166
-214
-276
-254
-305
-320
-291
-330
-273
-268
-226
-226
-192
-180
-226
-273
-318
-321
-195
-161
-208
-235
-294
-276
-248
-198
-162
-128
-201
-222
-156
-171
-321
-306
-216
-249
-306
-293
-232
-277
-254
-258
-288
-289
-246
-132
-139
-346
-369
-328
-261
-238
-221
-248
-214
-134
-162
-268
-294
-277
-188
-163
-270
-273
-200
-197
-170
-252
-284
-250
-213
-206
-321
-274
-209
-136
-187
-330
-372
-256
-210
-166
-236
-284
-194
-169
-242
-301
-246
-228
-164
-194
-281
-292
-265
-202
-186
-280
-309
-302
-296
-231
-338
-322
-256
-177
-170
-185
-192
-201
-214
-194
-284
-310
-310
-356
-299
-330
-273
-168
-141
-78
-140
-168
-154
-146
-170
-288
-322
-237
-160
-187
-266
-256
-228
-198
-214
-212
-224
-198
-257
-278
-321
-247
-236
-160
-210
-218
-252
-256
-182
-174
-268
-289
-238
-233
-226
-329
-270
-212
-145
-218
-194
-299
-169
-194
-146
-252
-250
-289
-205
-319
-342
-389
-281
-333
-278
-213
-283
-154
-278
-198
-372
-358
-345
-327
-191
-470
-270
-443
-250
-361
-253
-280
-138
-269
-318
-393
-263
-189
-232
-223
-346
-212
-292
-143
-265
-204
-252
-251
-340
-254
-245
-310
-209
-324
-279
-388
-265
-277
-206
-186
-458
-227
-385
-225
-290
-370
-390
-224
-133
-409
-102
-243
-110
-365
-322
-301
-206
-55
-412
-91
-378
-115
-262
-249
-151
-187
-91
-389
-182
-314
-274
-331
-347
-126
-179
-282
-172
-132
-194
-177
-95
-378
-218
-105
-97
245
-201
-101
-293
-43
-277
-284
-71
-281
328
-181
57
-277
-70
-136
-372
25
-151
437
-66
101
-254
-236
-83
-261
11
131
415
60
132
7
-205
-151
-186
28
541
197
205
68
241
-151
-286
60
9
575
-144
139
-92
16
66
-244
100
87
399
-151
-84
18
-121
-28
-205
67
451
203
192
147
361
42
-159
63
-18
324
-257
105
-82
5
-80
-354
185
380
539
22
271
326
-7
16
-184
112
596
164
224
83
249
-81
-249
65
144
688
-64
270
191
-18
-27
-388
189
468
459
-112
114
376
44
-236
-286
93
598
14
20
-48
365
173
-305
69
123
564
-132
171
121
21
-8
-327
-9
163
194
-29
44
218
-104
-167
-85
-100
370
-115
42
-226
-203
-217
-366
1
-65
275
-151
68
55
-118
-111
-341
-169
219
146
42
81
451
196
-39
-143
-115
425
8
151
-126
7
-249
-382
-49
-37
549
-67
165
76
-29
-144
-452
-68
36
281
-68
-59
103
-158
-159
-414
-150
181
89
-69
-35
52
-227
-317
-265
-247
215
-231
47
-131
21
9
-302
-208
-240
447
-134
117
30
131
148
-245
-79
-113
296
-206
-43
71
-73
65
-304
-144
12
298
-93
37
203
-175
-291
-405
-140
176
-39
-59
-233
36
-148
-352
-319
-67
478
-19
93
-38
146
-44
-445
-145
-120
480
77
133
-88
-100
92
-251
-107
-92
388
-142
12
-40
-209
-146
-435
-80
213
95
-157
-134
104
-136
-194
-389
-143
330
-7
41
-57
188
-135
-349
-194
-265
264
-325
-79
-131
-66
-191
-420
-209
-205
316
-329
32
36
43
-191
-424
-88
19
177
-319
-27
199
-122
-242
-415
-184
123
-14
-277
-203
-83
-220
-446
-338
-209
360
-209
-48
-129
58
-103
-230
-62
-155
364
-425
-89
-183
-90
-218
-438
-76
-66
392
-459
-68
-120
-312
-383
-525
-42
150
189
-414
36
21
-158
-254
-453
-44
356
218
-144
-22
-10
-275
-279
-278
-159
325
-66
24
-30
117
-202
-214
-84
-199
356
-191
160
54
74
-180
-392
24
75
532
-121
426
35
-85
-344
-524
56
262
685
25
450
-176
-222
-373
-600
114
366
706
41
109
-609
-424
-483
-558
137
426
560
98
470
-346
-127
-304
-450
107
287
581
179
592
-3
232
-38
-402
161
236
436
2
335
173
279
157
-467
137
140
490
46
122
344
260
337
-409
-12
-140
234
-126
-249
190
-40
356
-225
-146
-358
-15
-170
-541
-148
-227
225
-124
-11
-369
129
90
-595
-221
-134
122
20
-4
-77
266
247
-345
-422
159
-44
-31
-132
152
35
137
-335
-658
-49
-267
-180
-386
253
97
146
385
-289
-240
-254
-448
-681
123
-25
171
435
-172
-268
-32
-395
-454
355
-7
-215
255
245
-283
-258
-164
-364
326
230
4
194
292
-371
-569
-368
-224
220
99
-687
-292
116
-163
-389
-164
-78
384
266
294
-20
26
-5
-495
-579
-90
167
347
173
-257
-89
-137
-381
-358
-315
-267
137
-199
-328
-391
-349
-238
-392
-446
-225
214
-248
-83
-415
-327
-266
-329
-305
-251
88
205
-317
-178
-310
-234
-280
-381
-282
-306
21
1
-160
-124
-189
-302
-189
-252
-261
-177
43
-101
-59
-300
-324
-371
-398
-314
-358
-108
-130
-174
-93
-314
-237
-290
-480
-362
-152
122
29
-49
-256
-308
-262
-242
-292
-272
-369
-58
144
-185
-266
-209
-268
-262
-250
-326
-182
-318
-318
-336
-290
-345
-221
-354
-454
-526
-198
-371
-285
-387
-340
-328
-237
-273
-446
-401
-316
-326
-222
-425
-280
-160
-304
-305
-411
-338
-129
-208
-300
-376
-314
-276
-276
-425
-185
-270
-210
-289
-395
-315
-237
-342
-444
-359
-389
-381
-11
-288
-282
-58
-236
-269
-314
-290
-444
-175
-437
-375
-123
-314
-334
-279
-293
-358
-55
-226
-244
49
-210
-307
-333
-301
-349
-68
-306
-251
-41
-333
-275
-311
-319
-397
-51
-206
-203
-86
-425
-206
-319
-291
-364
-142
-262
-11
-191
-407
-79
-384
-131
-356
-174
-403
-145
-274
-313
-173
-256
-194
-222
-292
-349
-67
-431
-220
-441
-231
-261
-95
-406
-261
-280
-320
-31
-269
-165
-337
-186
-451
-103
-346
-55
-266
-6
-278
-95
-396
-99
-249
-206
-272
-191
-193
-157
-390
-423
-373
-403
-151
-255
-97
-196
-298
-289
-59
-356
-24
-288
-173
-296
-294
-410
-225
-474
-160
-395
-194
-219
-109
-251
-342
-584
-212
-385
-184
-156
-226
-231
-220
-300
-136
-271
-156
-171
-352
-323
-178
-267
-86
-314
-297
-222
-489
-206
-240
-195
-273
-365
-314
-186
-445
-176
-414
-226
-416
-352
-151
-197
-344
-157
-438
-122
-375
-287
-106
-432
-267
-160
-229
-157
-391
-276
-173
-411
-90
-431
-330
-256
-374
-146
-456
-380
-126
-354
-290
-276
-121
-226
-296
-135
-385
-318
-284
-197
-230
-325
-133
-221
-274
-186
-185
-242
-345
-216
-223
-306
-233
-240
-253
-350
-185
-193
-278
-206
-118
-193
-338
-257
-177
-307
-422
-309
-241
-345
-86
-61
-264
-294
-229
-202
-393
-286
-149
-284
-335
-214
-164
-312
-238
-134
-256
-353
-219
-229
-378
-397
-174
-208
-261
-183
-201
-308
-237
-122
-186
-296
-277
-218
-272
-275
-310
-305
-216
-217
-246
-249
-172
-209
-226
-202
-280
-242
-217
-212
-243
-314
-257
-200
-233
-246
-268
-237
-278
-233
-194
-309
-342
-293
-248
-203
-274
-220
-160
-166
-174
-204
-197
-254
-189
-214
-241
-254
-252
-224
-163
-249
-244
-181
-214
-230
-252
-249
-226
-248
-167
-278
-261
-185
-157
-174
-241
-232
-141
-94
-138
-260
-266
-174
-212
-207
-314
-345
-264
-149
-118
-173
-260
-262
-170
-170
-288
-258
-325
-328
-247
-270
-213
-240
-206
-202
-244
-232
-158
-141
-210
-397
-382
-233
-164
-211
-309
-245
-276
-250
-166
-272
-289
-190
-189
-182
-298
-322
-268
-280
-242
-237
-184
-173
-214
-174
-284
-310
-218
-192
-171
-354
-393
-281
-253
-238
-141
-188
-154
-226
-246
-185
-286
-253
-228
-199
-254
-300
-244
-154
-242
-192
-220
-190
-197
-230
-292
-214
-316
-197
-223
-306
-380
-345
-366
-234
-378
-229
-218
-121
-266
-334
-393
-269
-327
-166
-245
-173
-252
-222
-274
-407
-298
-266
-192
-131
-270
-309
-173
-368
-187
-252
-176
-229
-174
-245
-131
-354
-122
-355
-295
-454
-285
-262
-146
-230
-168
-165
-162
-234
-234
-134
-242
-29
-234
-183
-417
-360
-292
-47
-94
53
-232
-150
-269
-258
-240
-185
-28
-244
-223
-281
-217
-285
-27
-74
126
-248
-202
-311
-243
-277
-157
83
-61
-47
-281
-349
-313
53
-37
147
-304
-190
-395
-359
-398
-225
118
-93
-183
-339
-237
-325
45
-49
162
-305
-63
-284
-275
-298
-207
229
10
-174
-274
-173
-202
-22
-142
-61
-385
-38
-156
-183
-178
-370
76
-162
-103
-213
-54
-70
-50
-267
-273
-469
-266
-325
-326
-67
-452
5
-350
-151
-263
-285
-155
-383
-136
-294
-321
-219
-238
-242
-82
-48
47
-365
-135
-324
-218
70
-97
261
-230
-210
-415
-309
93
-120
437
-34
-157
-217
-333
-79
-382
112
-274
-370
-261
-308
-27
-527
-75
-205
-275
-139
-259
-127
-510
-180
-206
-396
-272
-321
-4
-319
-77
-98
-355
-260
-259
-38
-355
-272
-102
-290
-256
-151
-70
-188
-380
-60
-314
-280
-128
-117
-129
-424
-16
-253
-299
-300
-301
-87
-383
-180
-224
-383
-368
-255
-151
-356
-276
-75
-262
-216
-248
-206
-227
-344
-28
-156
-327
-348
-266
-207
-352
-272
-195
-270
-240
-180
-202
-227
-292
-91
-153
-355
-268
-230
-187
-236
-135
-130
-152
-284
-236
-255
-280
-280
-234
-241
-376
-307
-238
-239
-208
-151
-162
-144
-196
-144
-258
-336
-307
-274
-265
-348
-402
-271
-323
-324
-250
-163
-148
-144
-252
-287
-276
-239
-210
-197
-328
-278
-210
-120
-200
-230
-247
-204
-262
-193
-259
-224
-206
-178
-117
-159
-154
-154
-128
-84
-210
-200
-156
-94
-101
-284
-247
-214
-175
-204
-219
-206
-195
-212
-188
-282
-288
-255
-202
-197
-260
-227
-234
-199
-160
-202
-186
-212
-200
-216
-255
-260
-291
-270
-273
-328
-279
-222
-164
-224
-242
-235
-232
-203
-220
-311
-280
-190
-126
-137
-228
-238
-147
-196
-84
-150
-159
-212
-183
-232
-375
-300
-242
-230
-145
-171
-174
-215
-188
-240
-255
-351
-332
-226
-125
-244
-363
-314
-219
-188
-190
-155
-287
-248
-232
-310
-280
-247
-182
-117
-220
-191
-257
-151
-148
-178
-210
-208
-215
-216
-307
-348
-309
-190
-181
-328
-322
-195
-112
-180
-222
-231
-140
-182
-177
-371
-288
-151
-206
-236
-331
-298
-207
-92
-180
-258
-224
-192
-235
-325
-396
-359
-199
-274
-180
-142
-159
-215
-220
-168
-226
-172
-299
-282
-165
-288
-434
-266
-204
-224
-142
-234
-292
-175
-176
-322
-152
-119
-59
-89
-327
-366
-142
-184
-300
-194
-258
-240
-99
-223
-339
-184
-230
-282
-252
-363
-247
-158
-367
-344
-119
-274
-128
-15
-241
-411
-189
-401
-362
-65
-326
-281
-192
-284
-180
-55
-379
-331
-16
-360
-301
-323
-390
-375
-137
-330
-265
-68
-323
-149
-385
-289
-259
-68
-357
-173
-83
-393
-204
-331
-267
-250
-128
-382
-113
-144
-348
-163
-249
-233
-172
-290
-417
-101
-168
-369
-271
-304
-310
-121
-351
-364
-175
-314
-309
-192
-230
-222
-160
-371
-346
-168
-196
-226
-169
-292
-295
-235
-398
-296
-231
-183
-255
-240
-264
-298
-252
-231
-122
-113
-260
-255
-222
-156
-184
-123
-142
-164
-223
-260
-287
-264
-267
-230
-209
-332
-290
-218
-176
-128
-138
-115
-152
-215
-204
-307
-268
-202
-178
-161
-247
-194
-151
-97
-180
-214
-203
-196
-198
-225
-363
-283
-231
-290
-232
-203
-266
-283
-300
-228
-226
-208
-108
-83
-165
-328
-287
-226
-171
-128
-131
-158
-132
-156
-212
-235
-204
-163
-206
-245
-404
-346
-234
-148
-124
-206
-294
-264
-199
-240
-331
-272
-239
-222
-213
-272
-266
-239
-184
-240
-258
-207
-188
-154
-192
-303
-192
-178
-206
-108
-155
-183
-215
-316
-272
-274
-316
-256
-179
-201
-228
-339
-302
-199
-324
-299
-274
-280
-160
-216
-398
-165
-251
-246
-261
-392
-342
-243
-383
-112
-207
-381
-120
-195
-148
-179
-368
-294
-59
-264
-189
-389
-302
-244
-157
-349
-147
-308
-211
-256
-351
-260
-155
-274
-293
-219
-297
-96
-192
-144
-233
-172
-376
-251
-217
-296
-231
-266
-199
-196
-171
-234
-199
-152
-184
-239
-256
-219
-155
-177
-340
-351
-266
-179
-152
-130
-158
-136
-116
-132
-274
-272
-187
-170
-193
-300
-222
-130
-132
-132
-138
-147
-144
-91
-92
-291
-348
-342
-306
-261
-319
-250
-223
-144
-76
-138
-203
-204
-198
-133
-287
-312
-374
-351
-204
-139
-242
-299
-304
-224
-234
-248
-224
-246
-185
-260
-295
-183
-239
-264
-207
-186
-188
-232
-160
-211
-244
-239
-234
-173
-160
-218
-298
-212
-212
-207
-290
-276
-227
-176
-287
-276
-135
-182
-177
-303
-203
-219
-216
-216
-206
-175
-232
-235
-264
-264
-248
-211
-290
-249
-168
-281
-199
-204
-116
-166
-164
-219
-217
-121
-248
-212
-305
-267
-236
-251
-219
-338
-208
-260
-258
-236
-163
-83
-177
-260
-362
-286
-323
-304
-266
-159
-124
-175
-192
-298
-236
-243
-218
-193
-292
-255
-305
-184
-248
-246
-203
-128
-95
-116
-259
-228
-151
-198
-181
-196
-190
-223
-220
-196
-254
-259
-228
-115
-177
-388
-371
-258
-187
-129
-151
-186
-219
-256
-240
-202
-247
-220
-150
-149
-292
-307
-326
-271
-208
-238
-238
-264
-284
-308
-346
-248
-159
-250
-225
-248
-190
-222
-188
-248
-222
-183
-260
-219
-136
-291
-324
-243
-286
-221
-248
-239
-219
-212
-228
-214
-191
-124
-103
-192
-327
-228
-242
-218
-208
-303
-207
-179
-200
-144
-266
-251
-156
-178
-157
-308
-327
-194
-251
-288
-183
-274
-300
-240
-296
-206
-240
-319
-182
-229
-324
-243
-250
-176
-196
-326
-183
-304
-292
-248
-318
-229
-171
-257
-101
-260
-258
-206
-168
-179
-167
-318
-204
-238
-245
-395
-400
-287
-230
-276
-184
-210
-286
-121
-224
-198
-164
-240
-310
-201
-343
-120
-258
-259
-248
-207
-242
-60
-212
-184
-273
-284
-348
-238
-261
-277
-375
-298
-219
-264
-182
-107
-244
-347
-300
-358
-240
-334
-274
-289
-332
-358
-116
-383
-180
-401
-167
-232
-107
-328
-192
-508
-189
-392
-169
-335
-93
-321
-77
-395
-116
-394
-193
-275
10
-231
-29
-356
-115
-340
-287
-270
-168
-344
-138
-278
-61
-247
-142
-205
-336
-474
-253
-222
-132
-242
-170
-210
-230
-202
-232
-179
-250
-185
-196
-319
-332
-107
-230
-87
-252
-174
-199
-174
-231
-99
-179
25
-148
-72
-314
-222
-301
-52
-183
145
-149
60
-260
-119
-307
-56
-197
196
-87
131
-207
-79
-311
-21
-128
319
54
253
81
5
-246
-90
-44
324
128
45
87
33
-202
-303
-210
-102
-10
-256
-207
-473
-285
-194
-262
-352
-59
-331
-123
-259
-231
-279
225
-140
-76
-183
-185
-244
-362
-20
-193
-338
-327
-182
-115
-318
-283
-276
-221
-247
-275
-293
-281
-191
-187
-269
-274
-207
-250
-355
-323
-310
-217
-169
-147
-178
-118
-177
-227
-239
-193
-195
-231
-205
-133
-335
-351
-335
13
-207
-185
-233
-274
-175
-119
-285
-391
-285
-40
-352
-255
-221
-293
-239
-375
-138
-273
-351
-242
-283
-299
-391
-250
-241
-84
-239
-293
-297
-219
-171
-229
-138
-91
-169
-303
-283
-315
-241
-242
-251
-238
-217
-158
-147
-135
-209
-243
-227
-273
-256
-395
-326
-281
-242
-271
-178
-145
-171
-203
-191
-209
-175
-238
-333
-276
-303
-246
-237
-183
-143
-173
-169
-175
-214
-215
-286
-331
-266
-194
-228
-239
-178
-237
-215
-139
-133
-158
-148
-205
-199
-258
-183
-106
-221
-251
-234
-245
-226
-119
-103
-145
-174
-131
-133
-184
-351
-346
-281
-233
-199
-282
-245
-194
-147
-131
-169
-167
-167
-185
-224
-367
-318
-185
-158
-123
-130
-189
-211
-238
-255
-358
-331
-206
-173
-152
-303
-329
-237
-171
-171
-153
-158
-223
-238
-199
-278
-263
-270
-241
-168
-195
-205
-217
-187
-119
-86
-142
-183
-197
-191
-275
-283
-301
-274
-231
-202
-248
-242
-175
-187
-229
-219
-251
-245
-244
-379
-354
-281
-238
-167
-225
-213
-246
-203
-123
-182
-215
-190
-137
-100
-183
-182
-185
-159
-207
-241
-225
-131
-158
-175
-230
-247
-250
-229
-240
-295
-269
-146
-143
-171
-201
-202
-179
-213
-243
-390
-323
-305
-170
-283
-390
-166
-182
-183
-243
-229
-222
-199
-296
-156
-295
-218
-189
-186
-203
-165
-240
-222
-199
-123
-253
-343
-314
-201
-168
-323
-293
-345
-216
-322
185
-354
-215
-350
-44
197
292
-205
-118
-276
36
213
167
-194
-247
-165
-270
-228
-152
-71
295
-26
-162
-349
-188
-178
-150
-186
-172
-378
-82
-258
-395
-174
-156
-295
-382
-240
-126
-307
-242
-149
-158
-275
-259
-206
-222
-318
-258
-172
-259
-382
-285
-201
-191
-158
-285
-218
-91
-235
-381
-271
-123
-154
-280
-295
-98
-165
-314
-171
-114
-170
-275
-402
-343
-238
-219
-310
-233
-124
-174
-268
-222
-139
-139
-225
-282
-180
-213
-172
-371
-371
-185
-73
-219
-330
-201
-225
-148
-247
-234
-222
-207
-301
-268
-331
-365
-260
-218
-188
-102
-153
-322
-379
-295
-305
-239
-282
-289
-184
-231
-393
-405
-243
-231
-141
-245
-319
-187
-139
-266
-331
-194
-209
-180
-347
-345
-177
-123
-223
-321
-274
-303
-182
-191
-406
-279
-173
-253
-395
-327
-206
-170
-187
-263
-189
-205
-299
-412
-296
-382
-235
-202
-266
-188
-99
-126
-278
-267
-278
-288
-235
-282
-173
-36
-179
-326
-249
-127
-215
-150
-317
-402
-215
-239
-413
-363
-111
-188
-144
-426
-397
-161
-170
-267
-412
-289
-263
-151
-231
-382
-251
-118
-162
-288
-199
-265
-229
-171
-279
-229
-142
-124
-337
-148
-195
-211
-177
-260
-131
-102
-161
-242
-219
-147
-220
-79
-223
-261
-104
-263
-314
-325
-218
-215
-154
-290
-374
-159
-179
-298
-375
-162
-137
-68
-255
-341
-197
-178
-223
-253
-218
-299
-262
-255
-369
-299
-214
-186
-292
-295
-234
-201
-167
-283
-245
-134
-187
-257
-247
-274
-231
-174
-229
-215
-146
-185
-246
-279
-279
-253
-198
-275
-329
-248
-343
-362
-277
-190
-167
-102
-137
-178
-187
-167
-225
-171
-103
-65
-60
-299
-333
-249
-175
-203
-221
-174
-219
-242
-275
-314
-243
-186
-233
-220
-199
-102
-161
-151
-215
-233
-174
-88
-198
-275
-290
-251
-194
-261
-232
-230
-197
-221
-223
-286
-257
-234
-183
-221
-295
-382
-303
-336
-253
-203
-178
-268
-211
-203
-243
-209
-174
-163
-221
-204
-311
-278
-166
-166
-131
-121
-201
-167
-159
-243
-337
-227
-186
-189
-216
-275
-245
-201
-158
-139
-133
-165
-171
-230
-231
-254
-219
-194
-221
-192
-175
-193
-186
-243
-227
-161
-142
-223
-285
-259
-294
-267
-229
-229
-315
-302
-237
-206
-251
-271
-297
-302
-227
-142
-208
-327
-210
-201
-198
-175
-138
-189
-206
-159
-211
-285
-251
-187
-253
-264
-319
-262
-189
-123
-199
-249
-189
-167
-242
-255
-354
-343
-246
-118
-168
-227
-209
-273
-359
-287
-233
-273
-263
-183
-243
-291
-207
-269
-309
-200
-382
-325
-222
-179
-239
-305
-190
-211
-274
-140
-262
-310
-237
-225
-231
-190
-85
-118
-323
-283
-273
-239
-242
-185
-196
-351
-310
-193
-218
-243
-178
-269
-318
-199
-187
-317
-307
-167
-190
-308
-391
-298
-249
-282
-271
-221
-213
-104
-91
-267
-318
-239
-133
-113
-168
-263
-185
-110
-139
-143
-229
-242
-187
-249
-179
-238
-255
-189
-78
-175
-254
-249
-258
-247
-199
-181
-235
-279
-202
-256
-395
-322
-197
-162
-227
-178
-157
-163
-219
-215
-289
-235
-99
-129
-168
-227
-270
-193
-186
-131
-117
-117
-107
-174
-255
-298
-227
-218
-193
-136
-251
-293
-206
-171
-143
-205
-202
-175
-198
-187
-214
-231
-245
-225
-216
-258
-193
-150
-147
-135
-185
-131
-163
-229
-263
-371
-295
-229
-162
-155
-210
-217
-162
-139
-123
-229
-255
-179
-141
-164
-279
-330
-333
-298
-207
-146
-173
-239
-266
-231
-289
-259
-230
-185
-204
-311
-305
-217
-171
-211
-217
-250
-307
-282
-231
-258
-183
-150
-137
-176
-279
-261
-214
-155
-123
-177
-250
-236
-201
-136
-278
-207
-241
-234
-271
-198
-205
-166
-219
-231
-257
-207
-243
-185
-84
-255
-374
-322
-409
-295
-286
-289
-187
-254
-247
-257
-362
-155
-182
-260
-435
-330
-206
-254
-263
-277
-233
-127
-190
-322
-250
-200
-182
-106
-208
-374
-321
-249
-167
-163
-249
-246
-140
-278
-319
-378
-303
-190
-222
-204
-210
-181
-282
-259
-287
-305
-187
-271
-273
-220
-327
-322
-202
-202
-219
-269
-379
-274
-135
-131
-300
-199
-179
-64
-239
-251
-126
-181
-266
-223
-277
-233
-179
-326
-116
-182
-263
-221
-165
-260
-242
-375
-212
-159
-270
-269
-210
-192
-48
-223
-287
-203
-273
-193
-124
-158
-104
-145
-307
-128
-205
-175
-259
-198
-267
-273
-345
-185
-233
-148
-218
-230
-286
-112
-227
-221
-115
-147
-193
-256
-407
-343
-358
-311
-199
-249
-210
-306
-266
-226
-312
-379
-202
-260
-132
-347
-250
-296
-294
-334
-193
-261
-267
-334
-208
-314
-239
-290
-253
-160
-223
-256
-189
-211
-180
-241
-214
-100
-185
-263
-430
-407
-317
-238
-255
-163
-212
-190
-219
-270
-289
-234
-299
-289
-264
-343
-363
-357
-262
-171
-185
-193
-175
-155
-175
-197
-215
-230
-169
-192
-259
-269
-166
-194
-215
-221
-222
-243
-190
-167
-265
-203
-210
-161
-140
-299
-333
-245
-127
-127
-180
-174
-171
-86
-155
-274
-243
-161
-97
-108
-166
-129
-201
-155
-155
-197
-203
-243
-233
-208
-346
-271
-217
-181
-191
-289
-269
-334
-267
-155
-162
-283
-155
-220
-128
-387
-354
-221
-214
-251
-254
-332
-215
-362
-323
-222
-311
-274
-229
-268
-287
-488
-352
-143
-255
-222
-218
-223
-142
-394
-393
-188
-262
-269
-168
-274
-189
-392
-251
-51
-154
-313
-187
-228
-180
-470
-323
-146
-278
-395
-222
-246
-114
-295
-128
-26
-179
-234
-94
-203
-239
-430
-381
-199
-183
-348
-248
-211
-238
-163
-348
-255
-123
-225
-224
-287
-290
-206
-274
-219
-126
-217
-235
-162
-238
-159
-259
-262
-269
-204
-295
-273
-233
-195
-175
-229
-281
-223
-238
-259
-255
-394
-218
-135
-351
-278
-213
-241
-291
-286
-238
-286
-255
-221
-148
-274
-147
-177
-210
-287
-278
-221
-226
-211
-199
-380
-295
-223
-224
-136
-375
-254
-265
-322
-271
-205
-149
-183
-155
-155
-254
-275
-266
-249
-168
-311
-161
-138
-290
-75
-82
-185
-243
-170
-199
-234
-231
-257
-169
-140
-155
-149
-118
-183
-223
-201
-166
-203
-197
-132
-207
-243
-229
-234
-299
-270
-237
-230
-199
-179
-261
-243
-123
-133
-228
-339
-310
-265
-190
-203
-233
-201
-227
-262
-143
-249
-207
-150
-130
-180
-263
-229
-177
-210
-247
-241
-241
-203
-190
-131
-225
-299
-274
-217
-220
-243
-289
-274
-255
-191
-221
-217
-231
-230
-183
-398
-280
-181
-95
-196
-258
-253
-191
-307
-243
-331
-139
-223
-96
-144
-271
-330
-225
-286
-287
-139
-197
-138
-163
-115
-293
-263
-278
-226
-188
-383
-195
-225
-230
-171
-296
-225
-107
-143
-234
-131
-287
-401
-154
-208
-295
-225
-309
-132
-326
-333
-115
-335
-337
-239
-335
-41
-112
-182
48
-171
-167
-162
-267
-194
-104
-301
-20
-188
-279
-342
-335
-290
-73
-255
-182
34
-428
-160
-294
-321
-323
-108
-233
-81
-199
-472
-104
-348
-135
-230
31
2
118
134
-375
72
-312
-19
-272
-267
-188
-219
5
-406
-63
-199
87
-82
-230
-88
-168
148
-244
-272
-179
-276
-194
-291
-93
-235
-97
5
-285
-56
-361
-4
-256
-324
-108
-190
169
-204
-211
-211
-288
-238
-279
-137
-231
-215
16
-272
28
-294
-75
-308
-342
40
-167
18
-258
-182
-39
-217
-239
-322
-223
-78
-35
156
-256
-40
-233
-32
-217
-255
-4
-215
-32
-206
-265
-16
-354
-75
-213
-224
-20
-217
127
-276
-131
-221
-186
-139
-263
-161
-276
-124
44
-264
-91
-418
-179
-335
-407
-144
-371
-14
-258
-262
-139
-358
-111
-147
-239
-163
-215
64
-348
-331
-512
-286
-258
-239
-8
-323
-119
-35
-251
-83
-410
-51
-220
-228
-128
-389
-70
-345
-123
-206
-225
-135
-198
-48
-309
-208
-12
-308
0
-385
-191
-285
-291
-72
-383
-78
-238
-230
-84
-433
-155
-317
-213
-259
-310
-27
-456
-227
-262
-206
-194
-239
-59
-407
-295
-151
-364
-7
-322
-139
-253
-250
-76
-395
-181
-263
-282
-111
-364
-291
-410
-253
-266
-215
-46
-312
-215
-254
-191
-254
-319
-207
-420
-208
-187
-296
-95
-291
-131
-217
-150
-239
-309
-124
-374
-327
-277
-217
-211
-214
-150
-317
-247
-123
-229
-214
-223
-150
-247
-267
-290
-325
-238
-243
-186
-196
-162
-235
-211
-333
-391
-219
-165
-236
-299
-353
-221
-226
-111
-189
-201
-159
-226
-235
-373
-263
-222
-264
-172
-319
-217
-237
-323
-215
-288
-166
-191
-71
-235
-350
-231
-365
-186
-259
-247
-277
-221
-179
-331
-110
-238
-283
-170
-268
-279
-298
-91
-285
-136
-146
-384
-111
-350
-207
-230
-215
-290
-312
-176
-387
-163
-209
-166
-139
-201
-213
-258
-83
-231
-181
-147
-250
-193
-192
-255
-425
-226
-279
-307
-194
-285
-199
-226
-251
-481
-291
-206
-309
-172
-402
-234
-225
-187
-243
-245
-166
-231
-86
-263
-263
-282
-210
-340
-191
-250
-216
-35
-374
-343
-260
-186
-287
-137
-208
-371
-155
-217
-150
-119
-150
-308
-163
-238
-307
-282
-327
-254
-146
-216
-335
-210
-261
-263
-227
-249
-197
-139
-270
-271
-310
-355
-194
-189
-220
-195
-185
-245
-191
-211
-241
-190
-163
-78
-43
-214
-183
-114
-134
-224
-282
-233
-150
-128
-147
-193
-190
-207
-229
-164
-251
-231
-225
-214
-191
-258
-225
-198
-243
-239
-241
-211
-211
-221
-160
-291
-314
-269
-190
-119
-98
-137
-151
-182
-155
-210
-207
-214
-181
-168
-279
-293
-245
-195
-223
-217
-213
-155
-206
-251
-286
-251
-162
-121
-128
-246
-206
-185
-175
-203
-229
-222
-179
-190
-179
-227
-247
-257
-165
-159
-194
-221
-214
-187
-215
-241
-199
-191
-221
-252
-371
-358
-246
-182
-147
-90
-105
-139
-199
-251
-234
-291
-250
-142
-256
-415
-294
-289
-223
-223
-205
-205
-123
-150
-183
-202
-167
-154
-149
-136
-235
-257
-229
-195
-203
-257
-282
-219
-138
-187
-246
-171
-130
-145
-144
-246
-277
-222
-163
-139
-241
-267
-231
-201
-176
-299
-282
-206
-242
-183
-154
-161
-158
-187
-155
-157
-215
-202
-137
-116
-287
-242
-185
-127
-167
-142
-141
-187
-254
-219
-198
-171
-146
-253
-296
-363
-305
-261
-239
-275
-197
-114
-119
-146
-191
-306
-311
-229
-134
-144
-230
-233
-222
-183
-119
-161
-202
-195
-225
-204
-311
-295
-205
-245
-219
-278
-337
-302
-239
-231
-261
-227
-195
-169
-236
-347
-278
-154
-178
-203
-173
-122
-99
-203
-227
-301
-247
-198
-221
-220
-287
-257
-209
-199
-159
-189
-181
-147
-146
-123
-229
-215
-230
-245
-224
-263
-197
-117
-127
-123
-177
-234
-235
-238
-212
-330
-271
-265
-210
-223
-238
-205
-170
-195
-147
-181
-210
-223
-174
-208
-391
-366
-313
-310
-287
-270
-257
-171
-219
-219
-245
-243
-187
-157
-176
-291
-242
-197
-155
-231
-253
-237
-143
-122
-131
-226
-255
-194
-237
-204
-303
-297
-265
-183
-163
-173
-126
-175
-142
-123
-198
-223
-166
-221
-220
-278
-237
-174
-195
-119
-133
-118
-183
-213
-192
-299
-283
-233
-130
-131
-162
-173
-178
-203
-259
-225
-239
-238
-249
-236
-291
-250
-217
-250
-243
-238
-209
-167
-166
-135
-317
-247
-178
-217
-236
-271
-250
-197
-151
-175
-165
-201
-51
-142
-231
-306
-331
-238
-105
-112
-147
-265
-313
-299
-331
-217
-198
-203
-202
-191
-199
-330
-309
-162
-223
-246
-225
-245
-127
-79
-121
-190
-171
-130
-244
-387
-207
-332
-198
-227
-261
-217
-263
-199
-199
-297
-152
-298
-218
-236
-299
-243
-293
-163
-175
-316
-138
-279
-346
-267
-338
-288
-433
-293
-164
-458
-269
-189
-294
-163
-141
-94
-243
-305
-179
-437
-339
-194
-356
-275
-319
-229
-254
-299
-115
-264
-338
-255
-392
-224
-366
-290
-308
-345
-219
-166
-244
-150
-183
-151
-229
-270
-242
-300
-208
-359
-397
-233
-254
-251
-202
-181
-179
-219
-159
-258
-283
-158
-161
-188
-263
-178
-127
-235
-159
-178
-182
-215
-174
-195
-230
-203
-202
-193
-156
-262
-217
-169
-115
-107
-114
-147
-191
-221
-215
-322
-263
-241
-273
-199
-139
-189
-242
-323
-327
-273
-187
-187
-221
-200
-347
-238
-245
-210
-223
-265
-293
-275
-215
-163
-269
-227
-186
-257
-240
-287
-289
-245
-210
-151
-134
-129
-87
-114
-183
-314
-307
-266
-189
-160
-187
-285
-206
-279
-235
-161
-158
-124
-133
-88
-222
-255
-189
-217
-243
-195
-182
-174
-191
-108
-289
-227
-215
-209
-256
-387
-354
-289
-257
-167
-198
-229
-246
-199
-167
-261
-207
-162
-59
-220
-236
-314
-194
-159
-175
-134
-249
-238
-278
-259
-273
-207
-281
-194
-192
-303
-274
-175
-243
-191
-261
-249
-160
-225
-179
-266
-184
-340
-238
-299
-195
-253
-353
-323
-271
-236
-313
-160
-340
-247
-291
-251
-206
-182
-183
-185
-189
-261
-152
-195
-213
-235
-235
-200
-175
-195
-302
-258
-290
-211
-186
-205
-222
-226
-171
-301
-148
-258
-205
-168
-283
-304
-391
-183
-298
-167
-281
-259
-191
-231
-273
-390
-162
-343
-224
-295
-253
-186
-207
-41
-275
-146
-287
-225
-244
-465
-275
-264
-92
-152
-143
-174
-329
-252
-307
-221
-213
-178
-82
-303
-180
-298
-253
-227
-220
-104
-175
5
-282
-163
-289
-482
-319
-359
-167
-72
-142
-127
-274
-84
-254
-226
-88
-257
-72
-427
-168
-237
-208
-68
-210
-88
-248
-139
-251
-257
-164
-319
-166
-72
-273
-132
-324
-115
-223
-158
-181
-189
-183
-179
-198
-282
-211
-222
-271
-299
-235
-321
-143
-211
-106
-117
-226
-227
-139
-281
-171
-242
-198
-240
-251
-226
-150
-294
-203
-253
-177
-131
-203
-167
-182
-323
-151
-233
-232
-315
-345
-297
-183
-267
-182
-265
-143
-230
-311
-270
-235
-309
-257
-256
-195
-269
-293
-103
-171
-268
-174
-255
-154
-275
-302
-207
-432
-222
-303
-417
-202
-282
-207
-215
-241
-147
-195
-269
-264
-387
-366
-282
-206
-123
-94
-129
-106
-127
-219
-262
-279
-254
-257
-244
-307
-250
-213
-203
-203
-229
-169
-103
-31
-123
-314
-327
-321
-245
-184
-255
-253
-206
-271
-231
-221
-190
-179
-226
-215
-270
-227
-173
-173
-224
-262
-197
-213
-215
-219
-221
-226
-183
-197
-204
-311
-318
-221
-194
-171
-166
-181
-154
-187
-175
-237
-187
-190
-201
-252
-383
-294
-273
-146
-171
-225
-225
-234
-131
-151
-249
-235
-254
-190
-168
-251
-281
-253
-179
-219
-237
-170
-191
-178
-195
-282
-227
-198
-225
-196
-234
-229
-202
-139
-111
-133
-194
-191
-74
-136
-290
-290
-233
-186
-235
-158
-149
-122
-295
-175
-189
-239
-266
-181
-132
-299
-369
-169
-138
-183
-186
-138
-130
-167
-227
-225
-191
-254
-317
-256
-355
-313
-257
-231
-191
-221
-209
-163
-151
-219
-310
-375
-298
-229
-252
-303
-257
-190
-231
-239
-213
-214
-219
-222
-243
-278
-279
-241
-182
-223
-258
-229
-226
-215
-167
-169
-195
-207
-169
-148
-303
-334
-269
-198
-259
-182
-157
-139
-151
-143
-253
-291
-250
-305
-304
-355
-274
-229
-174
-175
-217
-185
-191
-190
-183
-282
-279
-214
-293
-296
-347
-293
-249
-207
-187
-150
-130
-139
-118
-139
-250
-255
-229
-197
-207
-235
-201
-150
-207
-183
-173
-190
-199
-262
-288
-347
-311
-253
-230
-195
-174
-241
-190
-211
-155
-241
-231
-235
-245
-196
-259
-258
-197
-210
-199
-165
-117
-123
-182
-143
-237
-207
-142
-210
-268
-299
-278
-325
-203
-171
-193
-233
-143
-146
-255
-259
-227
-186
-181
-180
-195
-233
-249
-199
-72
-232
-146
-211
-214
-263
-298
-223
-169
-186
-243
-226
-193
-198
-135
-75
-193
-190
-111
-169
-148
-299
-290
-249
-249
-191
-193
-177
-183
-163
-235
-309
-243
-178
-200
-124
-239
-218
-157
-123
-167
-141
-149
-147
-166
-227
-330
-351
-174
-185
-200
-287
-269
-173
-143
-159
-109
-74
-167
-178
-164
-330
-287
-209
-85
-68
-154
-189
-178
-168
-171
-213
-302
-123
-225
-260
-271
-303
-305
-270
-187
-261
-138
-243
-227
-167
-304
-215
-223
-221
-188
-251
-374
-250
-274
-311
-186
-162
-155
-150
-175
-401
-236
-306
-340
-212
-315
-317
-269
-191
-327
-230
-254
-327
-103
-279
-246
-223
-147
-349
-292
-127
-245
-95
-335
-220
-229
-158
-223
-289
-211
-418
-346
-273
-313
-251
-225
-121
-337
-183
-250
-359
-48
-326
-194
-308
-212
-318
-170
-59
-283
-47
-252
-151
-227
-227
-349
-371
-131
-268
-116
-339
-462
-282
-335
-236
-329
-107
-324
-346
-160
-390
-229
-311
-92
-296
-260
-163
-357
-105
-351
-187
-230
-145
-207
-225
-124
-367
-211
-274
-273
-235
-257
-147
-312
-96
-286
-350
-57
-281
-173
-268
-41
-266
-195
-148
-326
-40
-338
-176
-144
-205
-248
-303
-158
-301
-376
-311
-322
-187
-156
-63
-297
-172
-287
-327
-160
-376
-191
-258
-161
-308
-203
-100
-299
-57
-269
-135
-176
-166
-208
-395
-276
-374
-214
-220
-288
-266
-361
-220
-247
-38
-191
-360
-180
-317
-288
-299
-79
-222
-133
-104
-322
-195
-212
-68
-218
-145
-312
-279
-85
-244
-172
-195
-235
-208
-217
-170
-243
-140
-216
-242
-113
-235
-146
-197
-344
-413
-202
-183
-291
-111
-274
-153
-159
-60
-274
-188
-111
-277
-173
-348
-327
-215
-133
-252
-301
-123
-256
-158
-164
-303
-244
-99
-198
-205
-128
-143
-243
-200
-152
-178
-187
-128
-174
-209
-292
-335
-314
-203
-176
-170
-130
-179
-172
-152
-290
-248
-227
-175
-253
-376
-347
-318
-227
-144
-218
-135
-248
-259
-168
-163
-180
-198
-142
-153
-236
-175
-174
-140
-168
-249
-179
-124
-151
-168
-327
-324
-238
-67
-144
-160
-166
-151
-148
-160
-174
-211
-176
-87
-121
-228
-208
-206
-234
-228
-203
-197
-203
-232
-112
-190
-204
-255
-266
-221
-308
-263
-305
-147
-148
-142
-202
-296
-208
-259
-263
-328
-163
-198
-157
-172
-286
-258
-220
-164
-353
-176
-228
-291
-232
-378
-296
-266
-167
-213
-260
-261
-195
-204
-260
-195
-187
-148
-234
-169
-276
-288
-218
-158
-92
-159
-254
-191
-136
-228
-306
-184
-144
-142
-149
-312
-283
-235
-207
-184
-186
-142
-72
-80
-184
-270
-236
-151
-146
-165
-264
-267
-210
-179
-112
-114
-147
-184
-187
-164
-298
-252
-191
-166
-193
-236
-250
-207
-212
-116
-43
-138
-164
-151
-192
-287
-252
-226
-238
-213
-180
-226
-278
-216
-160
-286
-323
-268
-203
-177
-332
-331
-222
-99
-152
-255
-266
-263
-216
-260
-262
-240
-196
-174
-237
-364
-263
-178
-167
-168
-170
-118
-164
-152
-272
-374
-320
-207
-103
-153
-232
-263
-230
-160
-260
-221
-131
-220
-195
-268
-303
-272
-174
-135
-293
-232
-278
-226
-116
-200
-135
-246
-248
-342
-348
-160
-259
-257
-211
-316
-219
-250
-88
-280
-239
-67
-192
-180
-218
-245
-328
-355
-73
-283
-236
-123
-310
-236
-248
-284
-314
-280
-117
-267
-142
-268
-413
-163
-236
-208
-202
-257
-276
-300
-85
-207
-320
-123
-246
-253
-324
-277
-338
-312
-53
-211
-398
-228
-258
-232
-240
-196
-316
-321
-85
-248
-357
-235
-316
-224
-207
-111
-187
-196
-41
-304
-287
-166
-262
-276
-259
-107
-178
-199
-48
-270
-252
-188
-381
-253
-280
-268
-325
-266
-80
-155
-155
-153
-291
-248
-295
-89
-274
-249
-141
-379
-283
-136
-212
-184
-239
-53
-212
-238
-48
-327
-332
-295
-274
-213
-208
-105
-311
-285
-96
-361
-267
-196
-258
-252
-368
-145
-316
-239
-61
-290
-197
-238
-320
-236
-230
-81
-296
-231
-73
-280
-204
-235
-311
-224
-190
-178
-387
-339
-232
-414
-300
-99
-182
-205
-276
-274
-373
-323
-196
-194
-274
-244
-199
-244
-359
-260
-294
-245
-200
-208
-215
-215
-176
-224
-274
-163
-140
-214
-264
-323
-264
-246
-239
-208
-179
-182
-187
-160
-184
-322
-288
-228
-163
-233
-340
-251
-166
-199
-188
-83
-98
-108
-140
-128
-182
-188
-219
-154
-229
-344
-371
-330
-216
-168
-167
-178
-96
-100
-160
-302
-149
-155
-99
-145
-228
-282
-187
-188
-228
-286
-302
-212
-139
-192
-223
-160
-203
-305
-141
-295
-412
-116
-304
-312
-250
-195
-180
-182
-193
-308
-323
-274
-215
-228
-139
-166
-223
-188
-260
-282
-152
-172
-206
-201
-268
-295
-317
-231
-124
-107
-194
-219
-215
-232
-255
-228
-203
-170
-141
-208
-219
-254
-88
-92
-233
-230
-156
-147
-192
-223
-268
-286
-234
-209
-216
-226
-195
-132
-92
-214
-247
-232
-230
-165
-327
-244
-246
-219
-137
-187
-177
-99
-216
-208
-178
-195
-236
-206
-169
-336
-252
-274
-331
-260
-119
-158
-231
-276
-184
-278
-221
-151
-178
-253
-356
-291
-142
-195
-240
-127
-202
-204
-132
-288
-378
-245
-330
-183
-117
-188
-171
-198
-236
-291
-222
-199
-176
-159
-192
-283
-300
-282
-278
-248
-303
-254
-223
-240
-248
-222
-227
-248
-254
-233
-404
-419
-274
-198
-156
-155
-126
-163
-240
-252
-254
-172
-115
-122
-161
-228
-331
-306
-215
-144
-111
-138
-215
-204
-200
-239
-176
-183
-250
-217
-240
-198
-178
-227
-216
-190
-143
-128
-131
-216
-335
-304
-247
-222
-177
-204
-178
-198
-144
-20
-162
-235
-236
-175
-284
-332
-339
-266
-147
-132
-147
-150
-167
-180
-180
-262
-207
-152
-170
-189
-324
-287
-186
-195
-176
-154
-130
-168
-192
-208
-262
-244
-231
-222
-193
-232
-202
-166
-259
-240
-154
-135
-220
-195
-168
-295
-348
-322
-214
-185
-212
-246
-206
-164
-148
-170
-179
-252
-211
-220
-252
-260
-207
-198
-193
-183
-178
-171
-212
-188
-242
-283
-243
-195
-317
-388
-259
-198
-179
-188
-211
-194
-167
-188
-220
-290
-292
-251
-186
-113
-132
-174
-166
-155
-124
-106
-122
-108
-187
-212
-311
-300
-207
-170
-133
-276
-282
-255
-232
-244
-278
-263
-240
-199
-316
-351
-256
-179
-206
-177
-223
-262
-227
-276
-260
-350
-263
-180
-174
-165
-304
-320
-270
-163
-212
-235
-214
-163
-160
-104
-154
-140
-140
-119
-209
-292
-251
-170
-187
-156
-214
-222
-260
-212
-228
-282
-252
-183
-178
-253
-384
-298
-199
-231
-212
-190
-219
-284
-239
-212
-290
-244
-163
-182
-145
-223
-174
-150
-120
-168
-162
-179
-220
-342
-269
-267
-268
-242
-167
-228
-187
-242
-275
-236
-248
-266
-172
-164
-282
-249
-300
-215
-135
-223
-200
-71
-98
-132
-207
-136
-258
-180
-151
-305
-205
-232
-250
-250
-156
-152
-217
-146
-180
-227
-104
-183
-264
-123
-146
-209
-327
-199
-346
-296
-184
-195
-226
-116
-167
-268
-351
-248
-353
-207
-113
-347
-318
-226
-128
-188
-182
-179
-343
-214
-153
-352
-256
-190
-171
-148
-111
-202
-323
-140
-200
-278
-92
-123
-241
-137
-164
-231
-270
-179
-168
-250
-234
-280
-280
-252
-211
-216
-267
-187
-205
-404
-315
-250
-220
-196
-103
-135
-169
-151
-136
-271
-248
-278
-255
-261
-152
-226
-211
-124
-204
-293
-175
-172
-258
-261
-324
-384
-274
-75
-160
-255
-202
-191
-248
-228
-203
-319
-232
-126
-121
-260
-231
-166
-234
-141
-207
-282
-200
-108
-264
-330
-256
-223
-238
-161
-264
-294
-187
-76
-132
-147
-142
-136
-155
-168
-278
-212
-186
-154
-129
-184
-202
-202
-172
-120
-146
-179
-184
-147
-168
-283
-284
-199
-238
-264
-259
-190
-147
-160
-164
-182
-187
-120
-142
-177
-268
-195
-206
-235
-252
-203
-277
-231
-172
-132
-206
-148
-127
-122
-161
-276
-263
-247
-211
-136
-131
-230
-220
-191
-124
-195
-168
-191
-170
-181
-260
-242
-198
-180
-216
-214
-219
-192
-183
-168
-251
-192
-182
-150
-144
-231
-214
-143
-148
-124
-118
-199
-188
-162
-164
-304
-303
-270
-223
-212
-155
-118
-91
-120
-128
-198
-204
-180
-174
-229
-312
-199
-222
-223
-232
-143
-122
-124
-128
-116
-254
-252
-227
-214
-197
-252
-290
-219
-235
-168
-138
-206
-212
-183
-204
-327
-372
-339
-286
-213
-204
-214
-250
-212
-148
-142
-175
-244
-191
-196
-263
-264
-270
-219
-248
-235
-170
-159
-148
-124
-242
-267
-232
-167
-173
-268
-244
-214
-195
-152
-151
-166
-231
-216
-192
-219
-204
-203
-162
-129
-252
-254
-162
-152
-168
-131
-102
-120
-175
-168
-255
-260
-123
-170
-201
-328
-382
-266
-220
-188
-213
-175
-172
-171
-160
-211
-236
-278
-242
-204
-203
-139
-187
-208
-180
-230
-215
-232
-190
-141
-300
-355
-259
-231
-172
-215
-214
-103
-160
-196
-266
-240
-279
-246
-181
-284
-271
-314
-235
-164
-198
-155
-200
-275
-276
-307
-232
-159
-166
-153
-232
-222
-135
-140
-156
-218
-242
-204
-119
-132
-259
-284
-274
-210
-205
-204
-246
-263
-208
-160
-186
-231
-216
-207
-232
-335
-268
-178
-162
-88
-84
-150
-198
-172
-196
-206
-212
-212
-170
-113
-196
-243
-222
-234
-180
-210
-210
-187
-156
-204
-218
-164
-103
-98
-205
-388
-355
-250
-180
-140
-135
-135
-220
-207
-228
-251
-228
-231
-278
-241
-312
-286
-222
-152
-160
-170
-195
-192
-243
-176
-231
-216
-210
-150
-128
-139
-162
-151
-212
-224
-222
-175
-128
-150
-217
-348
-315
-226
-179
-128
-246
-222
-235
-280
-228
-198
-168
-128
-134
-105
-196
-263
-274
-295
-312
-254
-222
-144
-235
-248
-307
-320
-247
-162
-109
-200
-278
-195
-176
-164
-182
-183
-133
-163
-188
-283
-248
-198
-226
-233
-200
-230
-262
-200
-152
-154
-159
-140
-214
-165
-351
-308
-218
-211
-240
-211
-210
-152
-204
-176
-186
-180
-180
-222
-177
-300
-339
-258
-171
-128
-154
-166
-164
-136
-184
-238
-184
-183
-230
-181
-260
-210
-118
-80
-159
-158
-186
-132
-167
-180
-275
-260
-194
-210
-153
-208
-179
-179
-184
-184
-178
-163
-132
-175
-208
-299
-244
-186
-182
-156
-219
-214
-171
-148
-172
-218
-223
-224
-191
-213
-296
-339
-290
-203
-232
-207
-187
-152
-160
-156
-298
-256
-223
-258
-197
-304
-307
-266
-235
-188
-246
-202
-180
-188
-236
-279
-252
-187
-194
-197
-264
-266
-270
-216
-156
-182
-163
-140
-126
-92
-211
-236
-218
-158
-105
-119
-158
-231
-216
-160
-174
-167
-180
-183
-221
-388
-403
-294
-111
-148
-203
-158
-131
-216
-200
-194
-260
-287
-238
-197
-280
-227
-146
-151
-196
-190
-198
-240
-180
-200
-302
-224
-131
-126
-129
-280
-183
-230
-211
-168
-182
-143
-180
-207
-140
-231
-256
-219
-214
-185
-299
-258
-167
-160
-184
-274
-247
-212
-166
-132
-224
-268
-186
-159
-176
-211
-210
-199
-192
-160
-110
-144
-204
-194
-169
-268
-375
-350
-299
-264
-147
-134
-140
-140
-200
-191
-240
-203
-198
-245
-316
-259
-262
-207
-168
-202
-146
-180
-176
-216
-334
-364
-315
-178
-197
-312
-238
-151
-116
-124
-238
-219
-164
-127
-220
-235
-188
-91
-151
-177
-164
-230
-246
-176
-204
-238
-183
-132
-166
-125
-236
-196
-246
-219
-208
-187
-170
-140
-192
-196
-179
-184
-203
-198
-193
-256
-251
-258
-207
-216
-218
-239
-220
-159
-100
-203
-260
-266
-198
-177
-236
-179
-206
-180
-192
-138
-111
-109
-123
-104
-191
-244
-246
-250
-181
-224
-174
-139
-204
-220
-210
-215
-260
-235
-248
-316
-343
-278
-211
-184
-143
-102
-95
-172
-128
-214
-240
-276
-286
-253
-296
-211
-202
-238
-212
-239
-266
-231
-192
-196
-203
-232
-199
-146
-169
-264
-255
-250
-243
-204
-158
-158
-220
-211
-196
-279
-240
-91
-94
-169
-272
-314
-243
-248
-192
-210
-211
-184
-179
-169
-275
-236
-210
-171
-180
-175
-218
-175
-152
-212
-274
-231
-204
-187
-197
-292
-247
-182
-211
-204
-198
-158
-127
-140
-176
-258
-276
-224
-218
-217
-276
-191
-162
-91
-112
-167
-194
-236
-192
-168
-238
-240
-215
-202
-177
-308
-318
-254
-184
-128
-134
-195
-256
-299
-216
-275
-252
-187
-126
-132
-191
-175
-206
-144
-140
-126
-120
-184
-206
-141
-276
-299
-274
-246
-144
-159
-138
-135
-164
-215
-278
-252
-251
-207
-245
-384
-319
-194
-167
-132
-142
-162
-140
-104
-120
-263
-173
-187
-242
-197
-240
-246
-182
-156
-212
-286
-246
-160
-183
-224
-279
-404
-287
-138
-169
-283
-194
-162
-85
-112
-194
-267
-192
-135
-236
-331
-304
-330
-239
-121
-410
-215
-67
-132
-172
-162
-195
-256
-174
-292
-481
-232
-188
-236
-77
-68
-179
-152
-113
-515
-274
-153
-370
-71
-217
-232
-237
-36
-382
-128
-76
-408
-101
-354
-184
-334
-233
-414
-127
-69
-383
-60
-304
-45
-219
-99
-333
-49
-24
-336
-180
-463
-184
-214
-45
-334
-170
-104
-264
27
-419
-140
-220
-89
-416
-300
-244
-301
-61
-423
-155
-114
-104
-268
-28
-301
-244
-85
-368
-109
-57
-191
-261
-112
-363
-130
-131
-288
-215
-133
-345
-144
-132
-274
-65
-327
-140
-113
-235
-268
-95
-277
-121
-100
-467
-331
-89
-360
-147
-85
-303
-82
-80
-348
-180
-120
-366
-196
-100
-364
-284
-312
-282
-123
-248
-179
-55
-179
-137
-188
-258
-144
-263
-250
-109
-228
-263
-286
-251
-148
-135
-146
-187
-148
-112
-238
-276
-203
-198
-229
-292
-255
-210
-236
-268
-222
-155
-208
-227
-224
-330
-292
-159
-118
-149
-232
-218
-151
-172
-176
-270
-282
-188
-139
-140
-204
-248
-175
-115
-156
-215
-186
-215
-264
-216
-162
-95
-136
-114
-116
-240
-299
-214
-186
-152
-183
-274
-231
-132
-188
-306
-236
-196
-202
-197
-181
-214
-127
-327
-192
-254
-270
-240
-196
-220
-195
-276
-267
-142
-213
-336
-259
-270
-195
-33
-356
-156
-228
-310
-133
-318
-232
-142
-235
-301
-247
-311
-262
-160
-228
-181
-49
-399
-139
-145
-443
-109
-333
-191
-96
-128
-341
-51
-292
-292
-175
-315
-195
-67
-308
-288
-116
-397
-164
-283
-111
-98
-124
-387
-53
-171
-268
-100
-289
-157
-152
-298
-357
-29
-315
-199
-246
-292
-207
-89
-434
-201
-147
-284
-17
-239
-154
-11
-315
-339
-31
-262
-181
-150
-252
-295
-132
-361
-154
-80
-362
-171
-235
-272
-80
-218
-303
-33
-143
-284
-224
-231
-230
-155
-240
-111
-67
-148
-328
-232
-234
-184
-168
-202
-181
-236
-227
-218
-88
-100
-154
-154
-160
-127
-140
-271
-260
-175
-214
-225
-256
-282
-198
-156
-164
-230
-195
-224
-211
-200
-251
-204
-206
-186
-169
-227
-178
-218
-188
-140
-190
-203
-204
-178
-165
-288
-244
-134
-75
-116
-171
-242
-215
-180
-128
-174
-192
-160
-146
-125
-216
-239
-123
-135
-176
-186
-107
-168
-188
-228
-286
-220
-131
-115
-173
-252
-266
-234
-164
-112
-118
-170
-120
-107
-104
-239
-220
-123
-158
-209
-192
-135
-174
-100
-108
-162
-219
-240
-186
-160
-268
-300
-294
-239
-188
-191
-150
-259
-296
-188
-186
-219
-220
-166
-113
-284
-307
-282
-215
-148
-174
-118
-100
-116
-124
-206
-212
-175
-182
-153
-224
-171
-98
-96
-112
-106
-134
-116
-183
-192
-239
-204
-202
-90
-101
-272
-314
-278
-196
-228
-298
-231
-144
-147
-165
-239
-236
-223
-250
-201
-211
-175
-211
-156
-172
-265
-259
-192
-167
-173
-264
-216
-210
-191
-184
-242
-178
-163
-144
-136
-155
-140
-199
-202
-205
-288
-235
-198
-195
-188
-202
-146
-152
-120
-176
-278
-220
-179
-222
-233
-372
-326
-242
-204
-168
-213
-147
-212
-199
-172
-191
-201
-219
-151
-252
-223
-122
-142
-144
-220
-226
-211
-204
-190
-304
-364
-312
-262
-211
-232
-147
-162
-187
-148
-176
-206
-136
-192
-198
-201
-272
-359
-374
-195
-64
-273
-126
-55
-84
-360
-319
-92
-128
-425
-193
-160
-203
-454
-284
-160
-373
-211
-120
-67
-211
-386
-89
-154
-298
-217
-188
-43
-298
-376
-53
-261
-291
-53
-154
-73
-419
-416
32
-165
-308
-172
-265
-40
-315
-320
53
-150
-192
-214
-248
-188
-219
-342
-35
-160
-168
-245
-236
-228
-112
-354
-112
-143
-183
-233
-284
-397
-8
-366
-60
4
-289
-160
-85
-331
28
-212
133
72
-429
-332
-359
-357
174
-50
329
308
-375
-57
-220
-439
-73
42
313
387
-290
-97
-261
-260
-216
-20
-146
283
-154
-146
-331
-300
-360
75
-283
144
-111
-381
-44
-96
-245
-5
-334
-31
19
-471
-69
-311
-56
-128
-132
-460
43
-335
-161
-313
-17
-178
16
-492
-159
-197
-333
6
25
-51
-124
-94
-256
50
-392
0
11
405
113
54
-182
348
10
-284
218
370
123
-203
-19
55
314
-227
200
206
461
-21
-84
26
550
255
-217
155
-12
80
-212
156
202
540
22
116
-253
-112
-234
-281
-19
263
340
-73
283
-186
108
-103
-78
98
224
276
-19
157
13
-30
-331
-64
-155
183
-78
-128
13
-23
73
-240
36
-259
52
-215
-230
-206
-50
-69
-207
-111
-384
40
-271
0
-295
-20
-159
-215
-183
-398
-126
-383
-123
-482
-116
-285
-222
-302
-171
-114
-354
32
-331
-92
-311
-139
-254
-247
-88
-388
8
-270
44
-143
-166
-291
-270
-91
-292
-176
-300
-190
-235
-191
-214
-281
-72
-218
-180
-298
-319
-229
-185
-188
-259
-153
-82
-195
-191
-169
-142
-111
-81
-88
-290
-307
-229
-114
-227
-278
-252
-182
-175
-179
-245
-239
-235
-157
-116
-263
-334
-280
-190
-219
-213
-165
-138
-131
-211
-301
-279
-147
-153
-176
-267
-281
-249
-202
-127
-121
-181
-231
-195
-171
-253
-227
-169
-145
-148
-255
-309
-226
-211
-119
-109
-90
-155
-121
-135
-274
-187
-202
-154
-175
-122
-177
-234
-239
-191
-217
-242
-167
-281
-244
-351
-311
-345
-302
-219
-190
-169
-254
-183
-247
-238
-319
-243
-153
-216
-227
-269
-213
-191
-160
-277
-186
-159
-171
-163
-257
-251
-270
-162
-295
-196
-242
-210
-179
-223
-181
-138
-28
-242
-164
-278
-231
-170
-245
-192
-206
-86
-225
-256
-271
-190
-234
-259
-286
-272
-231
-326
-210
-209
-52
-154
-273
-235
-295
-167
-304
-247
-282
-166
-240
-303
-278
-181
-74
-162
-138
-264
-207
-227
-258
-269
-223
-213
-208
-168
-275
-206
-264
-230
-255
-209
-236
-247
-254
-327
-262
-223
-162
-205
-192
-238
-253
-202
-243
-255
-304
-178
-107
-129
-151
-239
-283
-269
-202
-259
-199
-233
-238
-215
-167
-209
-179
-191
-193
-108
-239
-226
-152
-119
-223
-186
-218
-282
-195
-235
-329
-267
-155
-217
-136
-196
-281
-195
-238
-179
-208
-59
-195
-186
-247
-306
-204
-266
-221
-236
-172
-269
-194
-223
-239
-206
-234
-151
-141
-103
-262
-235
-178
-172
-76
-223
-280
-265
-159
-243
-170
-139
-175
-154
-176
-287
-346
-187
-286
-227
-119
-177
-218
-191
-167
-343
-203
-195
-185
-168
-319
-199
-261
-182
-147
-200
-162
-243
-135
-191
-269
-223
-262
-227
-243
-231
-332
-182
-191
-178
-54
-186
-215
-316
-124
-349
-195
-217
-197
-120
-219
-186
-379
-168
-206
-142
-214
-335
-250
-224
-179
-405
-186
-265
-239
-227
-225
-186
-251
-16
-252
-163
-282
-189
-156
-247
-202
-320
-156
-275
-119
-237
-198
-163
-223
-321
-330
-187
-134
-188
-232
-237
-193
-143
-147
-100
-113
-111
-230
-239
-274
-295
-258
-225
-120
-318
-189
-276
-227
-223
-288
-194
-196
-36
-235
-215
-343
-213
-130
-187
-234
-221
-24
-271
-112
-169
-138
-183
-178
-239
-338
-158
-69
-185
-132
-217
-249
-207
-191
-111
-343
-207
-289
-185
-172
-311
-250
-202
-28
-290
-111
-257
-207
-247
-271
-309
-275
-39
-188
-88
-231
-269
-286
-247
-235
-275
-248
-223
-313
-152
-258
-294
-119
-181
-112
-306
-173
-257
-171
-107
-196
-234
-303
-100
-276
-255
-282
-202
-202
-199
-126
-156
-163
-307
-167
-228
-190
-234
-245
-196
-291
-261
-173
-206
-235
-213
-165
-159
-195
-76
-273
-176
-314
-250
-196
-319
-285
-273
-140
-374
-210
-261
-216
-222
-175
-246
-287
-198
-280
-96
-242
-221
-257
-116
-163
-256
-194
-291
-182
-243
-247
-275
-205
-109
-151
-103
-268
-234
-183
-195
-237
-227
-207
-165
-152
-275
-242
-158
-142
-107
-162
-173
-139
-155
-219
-297
-235
-178
-145
-188
-296
-294
-225
-182
-199
-201
-197
-187
-170
-147
-245
-215
-237
-201
-128
-199
-202
-289
-315
-255
-221
-198
-271
-198
-179
-314
-267
-198
-165
-104
-162
-173
-146
-112
-171
-192
-214
-179
-158
-180
-327
-303
-197
-170
-167
-142
-109
-82
-79
-51
-180
-131
-190
-173
-136
-271
-254
-301
-194
-203
-230
-181
-155
-187
-222
-178
-271
-250
-189
-256
-315
-309
-237
-238
-107
-142
-258
-207
-189
-179
-262
-239
-209
-229
-252
-354
-186
-175
-275
-231
-265
-190
-211
-189
-259
-311
-231
-277
-158
-247
-250
-197
-138
-191
-294
-226
-219
-175
-169
-160
-243
-154
-149
-309
-231
-162
-181
-139
-219
-183
-249
-163
-178
-324
-172
-259
-321
-249
-278
-271
-301
-221
-199
-166
-143
-285
-235
-277
-281
-224
-283
-270
-305
-163
-131
-165
-102
-203
-126
-83
-282
-295
-242
-122
-140
-190
-234
-198
-72
-138
-129
-222
-187
-193
-220
-283
-326
-285
-230
-203
-182
-292
-147
-223
-279
-289
-303
-219
-213
-156
-327
-290
-157
-238
-259
-241
-229
-239
-159
-135
-249
-171
-198
-233
-188
-267
-245
-201
-195
-255
-205
-130
-247
-246
-191
-302
-263
-161
-81
-219
-203
-165
-297
-212
-215
-149
-82
-28
-122
-243
-167
-211
-213
-125
-299
-306
-189
-194
-347
-271
-110
-218
-119
-46
-144
-259
-290
-222
-314
-239
-126
-280
-187
-262
-247
-209
-71
-154
-225
-92
-275
-202
-158
-242
-183
-196
-134
-295
-190
-211
-497
-319
-230
-233
-168
-203
-297
-312
-147
-207
-340
-206
-251
-218
-227
-262
-275
-185
-98
-220
-179
-173
-213
-239
-207
-189
-329
-171
-205
-260
-303
-338
-249
-197
-123
-281
-237
-95
-267
-167
-226
-275
-163
-97
-144
-395
-194
-237
-306
-147
-178
-221
-171
-91
-282
-437
-208
-238
-277
-148
-275
-258
-205
-191
-343
-293
-158
-223
-218
-199
-226
-219
-154
-253
-275
-182
-189
-257
-148
-155
-181
-146
-103
-201
-216
-247
-322
-253
-134
-223
-218
-149
-142
-227
-211
-181
-238
-239
-189
-132
-279
-370
-317
-202
-135
-166
-197
-231
-259
-263
-266
-263
-162
-149
-284
-307
-142
-181
-179
-147
-165
-285
-235
-126
-115
-230
-143
-170
-181
-124
-143
-165
-157
-187
-191
-185
-198
-251
-234
-251
-358
-335
-186
-153
-191
-239
-273
-186
-195
-199
-229
-246
-207
-229
-152
-259
-218
-162
-178
-183
-254
-229
-222
-195
-179
-189
-155
-162
-157
-120
-235
-274
-213
-159
-143
-109
-145
-183
-210
-179
-305
-319
-238
-197
-140
-271
-277
-210
-247
-247
-281
-253
-183
-126
-135
-219
-199
-130
-145
-227
-286
-281
-246
-195
-155
-169
-174
-163
-121
-112
-314
-302
-166
-162
-199
-214
-217
-154
-143
-115
-165
-191
-250
-253
-248
-275
-258
-249
-194
-195
-221
-201
-175
-111
-163
-261
-263
-246
-181
-188
-271
-213
-170
-187
-207
-205
-177
-139
-174
-227
-278
-211
-261
-269
-200
-275
-281
-238
-239
-199
-169
-178
-139
-85
-60
-258
-155
-169
-213
-176
-170
-114
-186
-195
-167
-241
-171
-127
-93
-200
-339
-330
-313
-254
-187
-233
-261
-267
-251
-271
-273
-183
-146
-198
-316
-319
-258
-217
-218
-107
-285
-305
-223
-198
-219
-329
-235
-221
-205
-228
-303
-218
-157
-127
-207
-237
-210
-119
-166
-311
-335
-339
-225
-221
-188
-226
-229
-162
-235
-247
-233
-263
-199
-94
-184
-326
-354
-242
-226
-167
-150
-173
-218
-215
-251
-281
-303
-250
-141
-148
-287
-210
-332
-147
-195
-218
-348
-219
-163
-191
-277
-179
-241
-129
-180
-215
-305
-222
-262
-207
-146
-360
-132
-101
-195
-286
-339
-238
-218
-120
-242
-186
-110
-227
-131
-225
-207
-311
-221
-136
-402
-111
-273
-173
-155
-182
-217
-198
-36
-406
-194
-275
-350
-285
-229
-307
-341
-76
-337
-119
-246
-273
-226
-187
-195
-304
8
-289
-193
-304
-304
-302
-253
-242
-282
-24
-245
-120
-285
-275
-286
-347
-278
-224
-24
-330
-55
-253
-279
-238
-193
-234
-287
-115
-351
-199
-167
-157
-214
-316
-306
-323
-214
-279
-179
-225
-258
-239
-261
-264
-387
-354
-269
-182
-147
-90
-145
-178
-155
-183
-213
-191
-166
-70
-196
-251
-258
-229
-75
-135
-169
-154
-191
-175
-235
-365
-256
-186
-145
-200
-299
-253
-150
-231
-179
-185
-142
-144
-226
-147
-278
-259
-253
-194
-279
-203
-377
-290
-227
-191
-177
-226
-175
-252
-255
-398
-223
-249
-182
-243
-234
-173
-63
-243
-168
-186
-219
-187
-285
-232
-339
-266
-387
-154
-223
-181
-261
-231
-338
-164
-334
-308
-187
-256
-156
-311
-282
-351
-206
-394
-125
-185
-155
-198
-287
-398
-160
-186
-232
-160
-306
-198
-301
-207
-167
-202
-358
-184
-169
-203
-242
-235
-190
-217
-135
-71
-141
-134
-179
-183
-192
-123
-183
-261
-300
-423
-318
-193
-134
-247
-246
-316
-262
-187
-147
-170
-211
-182
-204
-156
-235
-234
-221
-175
-159
-181
-157
-203
-218
-151
-206
-219
-135
-153
-112
-299
-249
-170
-175
-151
-161
-170
-187
-230
-180
-310
-263
-197
-133
-151
-163
-197
-154
-127
-131
-165
-190
-187
-201
-152
-235
-143
-193
-225
-183
-185
-113
-106
-107
-111
-153
-199
-214
-209
-232
-339
-286
-253
-214
-155
-166
-265
-259
-183
-219
-270
-227
-234
-197
-148
-191
-173
-165
-231
-215
-201
-186
-151
-173
-211
-286
-251
-194
-245
-200
-250
-190
-197
-59
-171
-268
-154
-179
-194
-136
-338
-263
-154
-193
-279
-151
-126
-43
-358
-243
-165
-167
-270
-190
-224
-148
-261
-186
-38
-171
-154
-209
-223
-178
-123
-317
-8
-237
-246
-220
-287
-305
-40
-334
-59
-221
-316
-219
-259
-291
-285
-374
-211
-56
-411
-176
-415
-151
-259
-40
-331
-134
-314
-301
-191
-235
-223
-263
-186
-212
-48
-328
-74
-207
-88
-193
-111
-298
-240
-20
-303
-5
-271
-99
-223
19
-244
-110
-87
-174
141
-55
109
-112
-72
-351
-107
-204
-249
-103
-232
-177
-230
-167
-391
-135
-287
-213
-165
-212
-278
-236
-280
-315
-32
-321
-234
-346
-274
-171
-178
-271
-312
-50
-219
-127
-256
-269
-183
16
-253
-313
-88
-349
-220
-354
-206
-172
-83
-387
-278
-90
-314
-224
-230
-221
-214
-91
-301
-268
-239
-437
-242
-131
-235
-221
-126
-330
-338
-143
-242
-243
-202
-241
-240
-196
-318
-360
-159
-159
-245
-213
-171
-198
-132
-421
-379
-154
-157
-204
-306
-238
-165
-67
-135
-257
-237
-95
-98
-147
-262
-219
-209
-170
-211
-237
-153
-230
-263
-307
-289
-219
-115
-129
-216
-331
-342
-293
-226
-127
-149
-162
-174
-199
-283
-234
-227
-187
-189
-188
-283
-309
-181
-270
-239
-173
-153
-195
-226
-203
-278
-212
-329
-281
-132
-163
-245
-217
-135
-163
-232
-177
-211
-222
-147
-262
-311
-213
-177
-152
-111
-317
-322
-204
-211
-261
-218
-203
-202
-104
-243
-358
-198
-170
-207
-118
-86
-150
-143
-99
-201
-107
-110
-249
-312
-403
-314
-252
-98
-195
-209
-117
-159
-218
-155
-190
-259
-170
-213
-236
-227
-206
-233
-127
-119
-46
-90
-139
-186
-147
-222
-259
-285
-181
-184
-226
-94
-181
-247
-167
-161
-154
-135
-101
-123
-215
-231
-198
-177
-115
-198
-249
-178
-151
-223
-290
-279
-235
-137
-116
-287
-218
-161
-194
-79
-146
-277
-318
-223
-159
-269
-175
-158
-212
-212
-311
-246
-117
-51
-107
-181
-225
-131
-134
-235
-294
-283
-209
-93
-120
-338
-313
-253
-163
-183
-225
-194
-183
-178
-235
-302
-227
-181
-189
-172
-191
-185
-198
-243
-211
-197
-234
-151
-201
-228
-291
-246
-181
-194
-151
-205
-221
-159
-223
-235
-278
-323
-290
-245
-156
-195
-166
-141
-170
-91
-181
-221
-163
-103
-115
-270
-319
-198
-177
-180
-255
-297
-221
-203
-263
-281
-210
-123
-130
-72
-226
-335
-285
-216
-156
-187
-197
-150
-207
-191
-217
-214
-287
-226
-211
-326
-267
-201
-134
-107
-134
-161
-150
-135
-115
-141
-183
-191
-197
-136
-263
-286
-209
-154
-147
-261
-230
-227
-227
-235
-293
-263
-226
-221
-160
-207
-186
-154
-110
-143
-261
-198
-239
-211
-247
-274
-259
-322
-289
-164
-179
-177
-181
-163
-99
-153
-194
-211
-214
-187
-186
-203
-224
-134
-255
-302
-245
-234
-235
-295
-297
-214
-163
-146
-244
-383
-310
-257
-253
-183
-189
-212
-103
-251
-323
-214
-271
-326
-225
-244
-351
-229
-177
-250
-88
-146
-233
-84
-274
-143
-277
-263
-226
-149
-160
-359
-194
-325
-271
-199
-252
-66
-271
-126
-271
-386
-247
-333
-169
-215
-155
-245
-293
-116
-223
-114
-258
-119
-249
-272
-291
-382
-146
-282
-156
-186
-161
-194
-259
-199
-201
-223
-123
-347
-132
-343
-314
-257
-182
-147
-413
-163
-242
-127
-187
-246
-195
-186
-160
-271
-311
-174
-252
-123
-314
-190
-174
-227
-159
-299
-235
-387
-135
-269
-192
-238
-293
-131
-386
-191
-209
-138
-143
-198
-163
-375
-319
-305
-305
-128
-257
-106
-261
-136
-211
-228
-166
-366
-158
-311
-255
-401
-297
-234
-215
-67
-391
-187
-290
-167
-289
-267
-115
-228
-96
-327
-142
-269
-238
-135
-225
-225
-255
-179
-358
-258
-251
-229
-198
-244
-299
-328
-142
-294
-171
-104
-97
-123
-261
-223
-302
-191
-332
-213
-207
-198
-209
-250
-172
-227
-213
-254
-163
-153
-172
-343
-326
-229
-218
-207
-206
-205
-262
-251
-231
-201
-207
-147
-94
-188
-243
-254
-241
-266
-231
-165
-125
-171
-246
-187
-230
-259
-218
-173
-152
-279
-333
-281
-187
-63
-121
-154
-183
-174
-187
-334
-343
-273
-165
-183
-251
-197
-150
-147
-211
-256
-182
-179
-150
-164
-270
-247
-261
-262
-199
-198
-166
-218
-172
-171
-197
-159
-179
-198
-276
-407
-366
-206
-142
-99
-126
-153
-159
-187
-203
-237
-195
-210
-181
-148
-199
-262
-313
-203
-171
-181
-153
-131
-266
-247
-210
-207
-150
-161
-164
-231
-261
-277
-175
-107
-82
-145
-159
-158
-215
-230
-187
-217
-162
-183
-226
-233
-198
-163
-139
-236
-167
-247
-201
-148
-259
-262
-213
-146
-195
-230
-177
-182
-143
-159
-238
-323
-194
-129
-208
-279
-234
-241
-214
-191
-170
-181
-123
-114
-147
-245
-176
-170
-126
-112
-211
-225
-205
-171
-211
-265
-298
-235
-210
-171
-206
-243
-193
-165
-152
-167
-161
-217
-108
-215
-217
-202
-235
-134
-164
-347
-390
-245
-165
-108
-194
-169
-83
-131
-199
-233
-179
-155
-113
-112
-195
-186
-201
-234
-131
-158
-169
-255
-271
-191
-197
-219
-206
-181
-256
-291
-317
-225
-175
-115
-189
-165
-135
-198
-215
-346
-327
-262
-229
-192
-258
-257
-309
-299
-279
-158
-214
-219
-186
-171
-306
-171
-217
-174
-103
-222
-301
-210
-231
-378
-217
-178
-119
-94
-216
-331
-286
-233
-230
-139
-241
-161
-115
-155
-183
-225
-127
-135
-241
-320
-275
-206
-288
-250
-235
-190
-149
-183
-310
-231
-242
-291
-206
-217
-220
-171
-130
-261
-251
-143
-113
-157
-131
-166
-195
-194
-211
-221
-149
-160
-278
-296
-190
-191
-235
-269
-254
-187
-149
-188
-311
-227
-177
-102
-151
-218
-285
-234
-207
-203
-213
-219
-219
-245
-180
-259
-230
-157
-178
-151
-165
-102
-151
-210
-247
-290
-279
-234
-216
-140
-215
-185
-146
-151
-179
-293
-321
-239
-214
-215
-310
-299
-270
-197
-184
-211
-261
-225
-195
-159
-201
-238
-259
-170
-148
-302
-271
-289
-261
-211
-178
-221
-175
-207
-151
-149
-130
-143
-138
-200
-279
-302
-214
-246
-167
-106
-149
-214
-215
-175
-265
-223
-150
-177
-248
-383
-282
-189
-126
-119
-197
-142
-183
-171
-227
-309
-255
-133
-117
-180
-231
-225
-165
-151
-135
-153
-146
-147
-150
-199
-258
-263
-245
-181
-143
-210
-217
-218
-195
-179
-265
-195
-187
-161
-140
-258
-282
-253
-210
-187
-130
-97
-63
-139
-183
-213
-227
-242
-209
-152
-259
-222
-153
-166
-203
-197
-229
-199
-214
-171
-214
-255
-250
-221
-172
-263
-197
-141
-139
-179
-233
-206
-155
-178
-139
-206
-179
-138
-165
-172
-231
-249
-229
-187
-207
-245
-158
-115
-189
-204
-311
-315
-293
-266
-267
-234
-161
-186
-211
-183
-169
-202
-222
-229
-204
-295
-354
-290
-250
-159
-150
-157
-210
-211
-159
-213
-219
-91
-134
-196
-295
-325
-269
-199
-167
-118
-177
-183
-151
-171
-282
-291
-230
-185
-160
-275
-226
-225
-215
-147
-149
-166
-263
-214
-132
-278
-259
-186
-237
-219
-254
-189
-122
-40
-107
-217
-207
-179
-197
-172
-235
-262
-233
-198
-187
-198
-121
-63
-139
-235
-341
-299
-258
-205
-160
-283
-293
-198
-210
-195
-202
-229
-247
-247
-247
-270
-275
-238
-133
-64
-163
-205
-265
-203
-183
-193
-134
-103
-126
-171
-230
-227
-162
-165
-156
-231
-206
-166
-103
-99
-165
-130
-79
-133
-148
-315
-291
-225
-182
-199
-150
-217
-146
-147
-159
-273
-207
-123
-152
-124
-299
-258
-197
-202
-127
-154
-181
-207
-163
-151
-238
-211
-202
-137
-80
-119
-90
-153
-151
-187
-177
-205
-155
-111
-175
-266
-235
-206
-241
-236
-203
-197
-229
-187
-91
-97
-202
-243
-186
-188
-342
-283
-245
-202
-172
-206
-197
-210
-259
-211
-193
-123
-151
-141
-192
-303
-290
-249
-166
-99
-70
-165
-226
-227
-203
-237
-231
-202
-205
-204
-283
-285
-154
-170
-143
-146
-189
-155
-162
-151
-234
-235
-210
-213
-156
-323
-261
-173
-159
-175
-201
-162
-199
-151
-219
-278
-279
-353
-237
-171
-186
-170
-218
-171
-195
-209
-202
-207
-210
-256
-311
-231
-130
-169
-219
-242
-293
-198
-179
-163
-225
-234
-175
-217
-128
-359
-342
-253
-266
-127
-237
-213
-255
-247
-215
-309
-207
-218
-193
-164
-247
-301
-317
-195
-231
-101
-161
-167
-102
-123
-290
-355
-222
-293
-168
-274
-229
-174
-239
-147
-237
-103
-275
-218
-271
-379
-319
-213
-166
-299
-194
-253
-210
-271
-263
-221
-198
-151
-292
-128
-307
-294
-337
-214
-131
-129
-6
-190
-99
-199
-166
-207
-222
-185
-224
-283
-368
-83
-198
-139
-277
-262
-207
-233
-227
-361
-200
-285
-98
-236
-183
-165
-180
-139
-207
-130
-249
-184
-257
-231
-370
-343
-329
-186
-171
-226
-166
-238
-203
-151
-169
-258
-136
-209
-208
-259
-322
-289
-214
-52
-214
-119
-258
-243
-298
-309
-231
-179
-63
-275
-188
-381
-181
-289
-207
-125
-240
-115
-358
-116
-396
-196
-349
-270
-312
-378
-294
-392
-119
-338
-19
-352
-140
-226
-215
-306
-375
-43
-367
-84
-369
-194
-226
-259
-199
-316
-126
-266
-126
-199
-303
-243
-292
-182
-219
-154
-193
-150
-135
-155
-193
-322
-215
-158
-176
-223
-230
-257
-278
-203
-213
-204
-186
-187
-131
-146
-163
-130
-121
-128
-211
-245
-173
-139
-111
-133
-150
-179
-150
-147
-174
-207
-150
-205
-204
-247
-197
-145
-135
-151
-125
-198
-235
-238
-211
-302
-287
-253
-209
-108
-154
-233
-286
-291
-183
-177
-171
-239
-185
-140
-295
-226
-213
-190
-167
-249
-233
-191
-179
-163
-142
-255
-310
-134
-124
-271
-297
-166
-210
-123
-86
-269
-103
-154
-191
-254
-275
-166
-137
-56
-287
-197
-153
-191
-255
-169
-106
-148
-67
-175
-234
-195
-238
-297
-239
-183
-277
-186
-243
-179
-89
-98
-179
-117
-160
-343
-283
-217
-189
-111
-46
-169
-166
-171
-215
-186
-187
-247
-205
-176
-263
-282
-201
-222
-207
-150
-253
-247
-274
-251
-369
-343
-238
-161
-128
-151
-161
-173
-171
-111
-106
-221
-207
-234
-159
-245
-187
-177
-165
-160
-250
-169
-173
-203
-179
-189
-146
-127
-106
-99
-191
-191
-157
-157
-183
-218
-217
-150
-155
-83
-141
-123
-183
-157
-76
-187
-294
-289
-226
-219
-185
-145
-91
-139
-175
-201
-183
-174
-161
-148
-291
-301
-202
-186
-143
-145
-117
-155
-126
-139
-290
-247
-246
-213
-184
-283
-305
-201
-171
-183
-193
-273
-271
-222
-219
-227
-259
-229
-209
-212
-238
-209
-142
-147
-215
-297
-302
-307
-249
-204
-315
-342
-328
-202
-95
-110
-145
-150
-163
-195
-265
-231
-171
-133
-172
-283
-293
-225
-134
-91
-114
-261
-251
-167
-99
-225
-243
-170
-177
-200
-339
-290
-213
-163
-119
-125
-138
-255
-250
-255
-290
-227
-241
-281
-252
-191
-102
-173
-123
-203
-153
-162
-175
-201
-136
-278
-287
-269
-301
-196
-202
-178
-242
-271
-187
-193
-191
-183
-205
-200
-291
-318
-313
-238
-215
-182
-193
-227
-191
-155
-237
-211
-146
-93
-60
-163
-226
-150
-138
-159
-221
-162
-179
-218
-179
-306
-291
-198
-197
-112
-182
-153
-169
-99
-151
-185
-134
-111
-170
-179
-294
-315
-226
-197
-187
-174
-178
-266
-243
-227
-217
-118
-119
-173
-120
-215
-306
-341
-302
-223
-118
-133
-262
-271
-135
-229
-255
-254
-197
-248
-311
-322
-237
-95
-199
-158
-158
-223
-211
-223
-314
-291
-138
-121
-184
-259
-206
-229
-135
-155
-265
-254
-259
-210
-239
-266
-279
-218
-217
-271
-199
-149
-158
-155
-99
-157
-222
-323
-317
-176
-279
-330
-241
-154
-111
-226
-250
-334
-247
-151
-197
-219
-171
-126
-120
-243
-274
-141
-78
-163
-265
-237
-251
-267
-227
-377
-339
-202
-165
-204
-255
-230
-213
-159
-179
-241
-174
-143
-174
-175
-242
-267
-262
-285
-176
-143
-158
-329
-187
-59
-113
-222
-343
-274
-163
-219
-374
-261
-74
-99
-150
-265
-218
-76
-131
-329
-326
-259
-209
-204
-315
-270
-205
-226
-223
-190
-153
-107
-175
-143
-217
-135
-86
-89
-168
-291
-262
-249
-194
-127
-110
-169
-135
-87
-135
-250
-307
-226
-121
-136
-147
-177
-181
-219
-203
-197
-230
-243
-246
-179
-262
-239
-181
-182
-235
-223
-217
-229
-199
-191
-293
-318
-231
-221
-172
-239
-230
-173
-133
-99
-134
-169
-174
-163
-199
-154
-179
-198
-241
-244
-307
-242
-185
-142
-143
-201
-224
-131
-146
-103
-221
-183
-206
-173
-184
-331
-297
-150
-147
-227
-249
-206
-187
-158
-175
-258
-239
-261
-249
-160
-227
-205
-146
-131
-147
-181
-190
-239
-241
-279
-359
-207
-257
-273
-219
-178
-149
-202
-227
-211
-178
-198
-215
-177
-152
-275
-251
-169
-178
-207
-166
-190
-215
-263
-183
-269
-231
-234
-144
-44
-187
-218
-170
-190
-175
-240
-205
-183
-186
-291
-306
-271
-206
-162
-280
-335
-262
-261
-131
-131
-28
-241
-159
-84
-299
-346
-247
-277
-181
-167
-206
-121
-102
-131
-167
-240
-194
-139
-105
-112
-291
-218
-90
-241
-267
-242
-149
-182
-120
-175
-285
-263
-191
-105
-120
-355
-270
-153
-210
-227
-217
-221
-183
-282
-171
-257
-199
-146
-133
-144
-155
-241
-261
-235
-191
-138
-166
-135
-153
-163
-354
-355
-278
-181
-212
-275
-257
-230
-235
-263
-229
-166
-139
-74
-155
-247
-247
-245
-218
-179
-130
-117
-174
-195
-115
-145
-262
-251
-178
-224
-335
-346
-281
-194
-175
-201
-130
-194
-119
-143
-262
-291
-166
-145
-108
-215
-245
-197
-143
-115
-121
-153
-159
-158
-159
-325
-271
-242
-193
-164
-239
-173
-189
-235
-223
-233
-182
-148
-162
-275
-370
-283
-193
-221
-191
-246
-177
-154
-279
-287
-301
-238
-159
-169
-92
-203
-194
-142
-170
-199
-222
-249
-155
-155
-143
-221
-187
-174
-169
-164
-271
-274
-233
-238
-223
-158
-157
-139
-258
-199
-206
-179
-221
-181
-212
-311
-222
-217
-163
-171
-225
-270
-275
-166
-231
-322
-259
-309
-277
-196
-255
-308
-210
-155
-131
-181
-214
-219
-194
-224
-331
-330
-277
-242
-203
-126
-181
-210
-175
-115
-229
-390
-247
-161
-116
-243
-210
-237
-234
-231
-173
-121
-171
-247
-227
-238
-227
-234
-193
-132
-183
-157
-66
-158
-159
-284
-234
-231
-234
-191
-330
-275
-245
-194
-128
-151
-153
-106
-75
-91
-149
-166
-219
-282
-307
-335
-275
-201
-213
-163
-99
-129
-110
-195
-270
-197
-95
-143
-161
-224
-367
-346
-289
-250
-135
-185
-169
-114
-123
-139
-206
-251
-179
-117
-68
-235
-249
-209
-234
-227
-233
-205
-199
-162
-163
-294
-251
-213
-217
-248
-299
-194
-166
-143
-151
-133
-197
-203
-170
-203
-314
-279
-170
-138
-184
-210
-181
-150
-127
-159
-205
-282
-203
-157
-180
-386
-342
-193
-174
-223
-214
-229
-218
-171
-163
-225
-219
-262
-245
-192
-283
-242
-149
-79
-143
-221
-205
-143
-127
-123
-206
-203
-138
-117
-144
-299
-265
-249
-119
-171
-189
-162
-171
-206
-291
-369
-255
-82
-169
-220
-219
-105
-118
-187
-223
-141
-162
-27
-98
-243
-275
-243
-221
-253
-135
-118
-169
-107
-267
-211
-169
-302
-339
-217
-116
-239
-194
-185
-242
-147
-118
-217
-147
-71
-159
-296
-191
-358
-369
-116
-327
-333
-153
-71
-119
-92
-6
-343
-218
-99
-321
-188
-210
-253
-256
-322
-178
-345
-227
-107
-344
-190
-235
-249
-124
-187
-227
-313
-50
-119
-306
-166
-206
-223
-219
-245
-135
-307
-226
-259
-475
-275
-320
-210
-68
-146
-139
-362
-123
-107
-304
-127
-218
-165
-136
-275
-203
-337
-131
-111
-320
-214
-215
-154
-75
-305
-208
-313
-181
-184
-327
-210
-193
-179
-267
-157
-114
-263
-167
-111
-250
-235
-197
-225
-168
-203
-321
-302
-243
-227
-145
-110
-207
-249
-184
-199
-198
-194
-269
-239
-170
-181
-230
-187
-274
-285
-235
-147
-253
-292
-391
-338
-285
-182
-127
-174
-101
-71
-179
-215
-214
-251
-210
-185
-208
-303
-214
-209
-179
-119
-165
-206
-195
-186
-187
-258
-239
-225
-229
-164
-191
-210
-202
-203
-171
-185
-154
-96
-201
-195
-338
-295
-237
-265
-187
-250
-301
-206
-80
-139
-157
-147
-163
-126
-192
-347
-270
-217
-182
-203
-190
-237
-270
-239
-215
-158
-215
-298
-217
-184
-291
-274
-169
-174
-147
-149
-165
-139
-202
-203
-254
-279
-202
-197
-212
-263
-305
-249
-195
-167
-173
-238
-251
-294
-243
-243
-271
-185
-173
-144
-170
-153
-181
-159
-203
-229
-250
-203
-193
-283
-379
-347
-297
-234
-147
-198
-221
-234
-215
-119
-237
-263
-191
-141
-140
-283
-230
-181
-150
-203
-241
-249
-183
-159
-171
-254
-251
-277
-233
-200
-283
-285
-253
-287
-271
-237
-166
-171
-142
-159
-262
-307
-258
-209
-160
-247
-281
-281
-227
-203
-229
-286
-307
-182
-179
-302
-243
-261
-233
-124
-98
-109
-214
-235
-147
-133
-123
-87
-77
-176
-307
-350
-186
-182
-163
-153
-50
-142
-187
-215
-258
-263
-266
-162
-52
-378
-155
-154
-310
-187
-90
-150
-287
-223
-219
-297
-215
-257
-186
-160
-263
-266
-225
-107
-147
-81
-186
-239
-50
-235
-334
-223
-269
-242
-116
-163
-381
-151
-219
-243
-90
-190
-175
-117
-84
-390
-243
-126
-285
-52
-221
-234
-286
-279
-175
-444
-283
-278
-376
-76
-315
-107
-210
-218
-211
-341
-82
-246
-146
-226
-305
-231
-187
-143
-292
-347
-134
-268
-115
-346
-158
-201
-207
-107
-319
-231
-315
-273
-177
-212
-231
-277
-304
-175
-303
-170
-305
-203
-210
-299
-383
-279
-235
-213
-108
-91
-268
-234
-267
-239
-186
-211
-154
-155
-108
-219
-274
-244
-202
-267
-230
-218
-154
-293
-195
-182
-216
-178
-201
-124
-179
-115
-106
-349
-239
-210
-222
-199
-266
-267
-290
-176
-43
-315
-200
-307
-278
-190
-231
-147
-109
-114
-28
-272
-112
-322
-251
-218
-253
-224
-282
-226
-95
-327
-167
-277
-196
-167
-289
-312
-387
-286
-67
-332
-123
-78
-122
-135
-279
-199
-301
-343
-199
-340
-248
-287
-287
-233
-183
-259
-253
-146
-123
-178
-247
-242
-243
-198
-193
-132
-139
-257
-166
-282
-195
-146
-206
-211
-217
-199
-206
-183
-166
-205
-128
-186
-162
-130
-139
-247
-273
-218
-183
-165
-168
-275
-259
-245
-198
-135
-190
-237
-186
-139
-119
-205
-163
-178
-233
-236
-259
-242
-193
-166
-107
-86
-141
-147
-135
-159
-289
-323
-234
-217
-232
-303
-270
-237
-183
-123
-141
-229
-235
-122
-171
-266
-247
-158
-153
-200
-215
-189
-121
-127
-207
-237
-186
-171
-78
-147
-298
-283
-157
-134
-143
-146
-225
-222
-171
-123
-157
-186
-135
-117
-156
-339
-326
-201
-122
-115
-201
-185
-155
-127
-123
-210
-267
-182
-172
-144
-311
-318
-309
-226
-108
-177
-173
-191
-255
-351
-382
-299
-282
-249
-176
-251
-269
-181
-127
-139
-182
-222
-187
-150
-115
-310
-327
-249
-125
-159
-146
-149
-114
-59
-83
-237
-226
-183
-221
-248
-315
-274
-145
-90
-91
-118
-137
-146
-159
-230
-329
-235
-178
-145
-248
-327
-206
-178
-246
-183
-153
-94
-135
-143
-100
-293
-259
-270
-213
-156
-263
-257
-241
-203
-143
-260
-226
-223
-218
-207
-242
-203
-174
-157
-207
-222
-205
-309
-259
-135
-237
-246
-152
-118
-135
-291
-307
-281
-254
-295
-242
-189
-241
-207
-151
-161
-194
-159
-169
-164
-168
-218
-305
-290
-203
-185
-169
-143
-151
-167
-226
-287
-254
-257
-252
-291
-281
-205
-135
-135
-169
-102
-203
-170
-227
-298
-259
-178
-85
-96
-187
-177
-173
-151
-227
-333
-282
-188
-169
-167
-231
-231
-209
-137
-171
-202
-186
-289
-243
-135
-181
-139
-171
-133
-168
-323
-263
-312
-206
-163
-229
-170
-218
-199
-167
-173
-175
-162
-133
-112
-255
-282
-268
-115
-155
-129
-165
-195
-198
-191
-261
-247
-238
-225
-216
-163
-181
-166
-211
-203
-205
-253
-207
-202
-187
-254
-163
-66
-177
-208
-227
-261
-217
-67
-71
-189
-214
-147
-149
-151
-259
-243
-177
-182
-155
-150
-233
-206
-143
-135
-158
-199
-198
-173
-124
-275
-294
-249
-214
-183
-201
-205
-255
-219
-267
-337
-343
-242
-178
-196
-199
-169
-141
-71
-159
-237
-230
-211
-170
-179
-266
-235
-170
-153
-104
-227
-209
-178
-163
-67
-117
-165
-159
-221
-195
-274
-259
-154
-146
-175
-186
-81
-138
-163
-115
-162
-246
-267
-277
-180
-227
-290
-265
-194
-199
-253
-198
-214
-219
-179
-313
-275
-258
-245
-232
-263
-258
-210
-178
-167
-253
-257
-223
-230
-207
-286
-264
-198
-221
-164
-235
-245
-158
-227
-211
-273
-230
-271
-281
-283
-274
-207
-201
-229
-211
-270
-296
-238
-155
-199
-293
-282
-239
-197
-148
-267
-191
-205
-158
-183
-158
-165
-162
-75
-143
-221
-199
-147
-185
-196
-247
-258
-213
-210
-195
-138
-117
-119
-155
-203
-305
-196
-186
-113
-128
-271
-325
-246
-275
-315
-352
-341
-255
-262
-195
-262
-231
-166
-181
-168
-195
-153
-158
-191
-191
-189
-194
-203
-197
-179
-271
-311
-233
-122
-107
-134
-141
-146
-143
-235
-337
-302
-203
-133
-124
-283
-294
-241
-170
-151
-210
-249
-230
-231
-267
-293
-231
-174
-169
-136
-191
-194
-201
-206
-167
-97
-61
-87
-54
-123
-298
-311
-230
-186
-172
-199
-301
-261
-199
-135
-141
-162
-139
-198
-259
-378
-251
-181
-169
-167
-162
-145
-170
-167
-223
-182
-254
-227
-245
-244
-315
-238
-185
-178
-183
-189
-169
-174
-163
-187
-245
-163
-107
-132
-180
-275
-242
-249
-230
-223
-170
-174
-219
-175
-175
-317
-232
-170
-129
-140
-223
-226
-277
-263
-203
-161
-122
-95
-158
-259
-274
-167
-233
-222
-196
-222
-145
-114
-179
-155
-169
-174
-147
-146
-180
-262
-262
-257
-210
-159
-206
-221
-242
-211
-163
-117
-115
-119
-213
-208
-331
-310
-217
-102
-91
-146
-237
-271
-195
-179
-277
-215
-170
-129
-180
-279
-281
-173
-131
-119
-105
-74
-99
-122
-183
-310
-315
-210
-157
-220
-323
-297
-205
-131
-179
-173
-170
-147
-178
-167
-250
-235
-218
-277
-275
-242
-165
-98
-75
-115
-193
-123
-135
-149
-152
-247
-254
-225
-218
-151
-174
-225
-194
-131
-143
-205
-211
-170
-146
-180
-259
-245
-197
-122
-111
-153
-209
-155
-222
-259
-357
-287
-210
-157
-132
-219
-269
-269
-223
-163
-113
-82
-131
-166
-251
-286
-239
-166
-205
-167
-215
-265
-194
-163
-123
-205
-215
-283
-202
-236
-383
-382
-273
-190
-195
-122
-205
-179
-175
-195
-293
-151
-111
-173
-180
-303
-238
-142
-194
-163
-158
-208
-159
-227
-215
-265
-267
-186
-201
-204
-271
-293
-245
-283
-327
-226
-169
-79
-102
-223
-342
-327
-214
-166
-216
-291
-305
-262
-227
-175
-181
-202
-167
-126
-171
-322
-339
-293
-250
-187
-182
-141
-170
-203
-243
-301
-231
-191
-165
-84
-219
-242
-185
-138
-143
-182
-193
-151
-143
-119
-229
-207
-214
-185
-112
-183
-245
-193
-163
-155
-221
-114
-171
-162
-171
-242
-243
-226
-134
-112
-183
-205
-145
-147
-99
-185
-210
-151
-173
-104
-258
-335
-289
-229
-116
-147
-182
-198
-128
-195
-257
-183
-199
-221
-207
-295
-266
-146
-114
-167
-178
-217
-183
-163
-127
-170
-215
-179
-213
-232
-263
-214
-141
-115
-155
-150
-177
-231
-234
-211
-194
-147
-222
-233
-212
-291
-225
-157
-159
-167
-221
-165
-63
-42
-107
-202
-211
-198
-269
-160
-222
-233
-261
-235
-147
-133
-150
-251
-214
-216
-362
-334
-229
-186
-179
-150
-205
-238
-239
-215
-197
-227
-227
-201
-196
-319
-298
-244
-150
-215
-209
-161
-107
-107
-115
-166
-231
-162
-209
-212
-267
-278
-253
-206
-191
-213
-177
-167
-218
-255
-298
-275
-186
-149
-152
-227
-177
-66
-131
-159
-158
-194
-203
-198
-176
-222
-179
-205
-161
-163
-254
-205
-158
-203
-251
-221
-238
-195
-137
-203
-343
-214
-126
-130
-87
-130
-137
-127
-123
-143
-245
-175
-242
-273
-260
-227
-317
-253
-154
-179
-233
-142
-139
-198
-207
-250
-247
-161
-133
-224
-335
-273
-138
-203
-207
-121
-230
-311
-194
-139
-266
-219
-162
-217
-156
-79
-209
-309
-191
-167
-245
-254
-267
-221
-140
-195
-310
-269
-194
-211
-206
-201
-146
-231
-139
-161
-298
-206
-105
-160
-271
-230
-198
-258
-131
-98
-257
-282
-187
-151
-233
-183
-282
-284
-96
-163
-309
-229
-235
-295
-269
-226
-335
-294
-155
-298
-319
-150
-173
-235
-279
-234
-321
-203
-135
-356
-182
-115
-205
-180
-175
-267
-253
-118
-215
-370
-317
-258
-191
-143
-114
-294
-259
-201
-287
-371
-250
-253
-218
-127
-150
-304
-183
-135
-287
-210
-215
-210
-161
-84
-331
-313
-81
-202
-247
-97
-169
-235
-246
-231
-389
-200
-114
-324
-184
-203
-237
-221
-175
-267
-277
-110
-219
-253
-80
-350
-311
-209
-186
-227
-99
-110
-277
-231
-199
-261
-167
-99
-141
-232
-255
-262
-332
-147
-311
-294
-201
-186
-247
-251
-134
-223
-226
-162
-260
-359
-233
-138
-242
-143
-14
-241
-235
-203
-303
-265
-168
-207
-296
-156
-195
-305
-209
-151
-271
-253
-110
-211
-297
-124
-238
-311
-229
-166
-168
-234
-170
-346
-323
9
-193
-370
-263
-189
-196
-219
-211
-317
-238
-179
-246
-364
-198
-195
-266
-273
-255
-303
-173
-140
-323
-366
-225
-198
-151
-106
-129
-107
-119
-167
-325
-299
-206
-149
-168
-220
-254
-206
-202
-127
-146
-205
-183
-170
-151
-174
-183
-210
-185
-76
-151
-193
-213
-171
-87
-113
-102
-76
-121
-155
-322
-307
-257
-141
-103
-182
-249
-258
-195
-159
-209
-214
-167
-189
-195
-319
-275
-209
-166
-139
-162
-165
-186
-163
-131
-201
-179
-146
-125
-180
-323
-294
-257
-202
-131
-94
-169
-195
-162
-151
-246
-203
-218
-165
-152
-275
-317
-230
-135
-103
-157
-162
-195
-226
-287
-342
-271
-201
-169
-140
-186
-213
-186
-251
-247
-213
-210
-151
-157
-104
-263
-322
-281
-214
-247
-258
-134
-146
-155
-227
-273
-299
-251
-209
-168
-307
-262
-197
-118
-147
-209
-182
-171
-171
-179
-297
-287
-182
-225
-224
-271
-242
-194
-175
-219
-241
-209
-139
-66
-119
-306
-335
-214
-153
-140
-218
-249
-229
-167
-123
-161
-170
-163
-245
-267
-346
-219
-161
-133
-95
-179
-213
-170
-144
-247
-321
-219
-163
-165
-176
-283
-278
-273
-222
-263
-290
-257
-254
-203
-195
-285
-247
-222
-165
-168
-235
-369
-257
-230
-271
-285
-229
-147
-207
-207
-234
-263
-226
-165
-176
-251
-245
-185
-175
-203
-233
-266
-247
-174
-235
-322
-339
-301
-166
-199
-198
-193
-250
-271
-147
-189
-158
-243
-238
-268
-347
-287
-189
-142
-167
-178
-97
-102
-191
-175
-280
-279
-267
-277
-252
-311
-294
-249
-126
-91
-126
-193
-207
-215
-239
-293
-247
-250
-221
-180
-291
-365
-257
-235
-191
-185
-130
-99
-170
-231
-318
-307
-277
-189
-132
-143
-149
-130
-195
-243
-185
-102
-107
-185
-179
-287
-287
-209
-118
-135
-174
-221
-278
-263
-183
-134
-111
-170
-225
-288
-439
-334
-185
-118
-103
-209
-249
-290
-171
-127
-122
-167
-107
-58
-124
-267
-218
-221
-166
-127
-169
-225
-231
-250
-172
-182
-239
-241
-141
-128
-231
-250
-269
-111
-95
-185
-365
-164
-158
-239
-275
-359
-337
-194
-28
-222
-177
-90
-267
-267
-349
-202
-231
-142
-283
-383
-203
-308
-174
-259
-190
-161
-225
-67
-274
-111
-259
-250
-206
-292
-259
-297
-123
-342
-148
-149
-312
-103
-226
-211
-258
-176
-277
-220
-52
-307
-154
-383
-259
-207
-275
-187
-395
-67
-218
-269
-231
-326
-257
-271
-8
-319
-25
-71
-115
-75
-309
-171
-338
-133
-313
-12
-31
-304
-63
-348
-163
-266
-215
-143
14
165
-265
-16
-363
-284
-381
-303
-39
-219
-6
-170
-131
-234
-176
-157
-283
-96
-437
48
-136
-319
-79
-254
-83
-214
14
-218
152
-63
-385
4
-263
89
-96
-234
-143
-49
109
-139
-26
-149
43
-17
-195
-88
-421
85
-170
-247
53
-44
58
-215
-96
-366
80
-66
-292
87
-282
80
-105
-161
-136
-133
123
-118
-47
-122
-122
-151
-305
-44
-360
-68
-262
-366
20
-274
42
-216
-28
-369
-120
-153
-366
24
-339
-53
-211
-200
-107
-303
-3
-181
-122
-179
-226
-71
-294
-140
-487
-158
-155
-393
-63
-320
-84
-275
-158
-305
-176
-161
-339
-323
-278
-217
-202
-139
-91
-212
-98
-107
-163
-193
-294
-151
-240
-104
-363
-171
-121
-234
-239
-205
-125
-183
-111
-242
-230
-239
-242
-261
-244
-255
-226
-161
-119
-231
-145
-78
-163
-234
-279
-286
-207
-34
-201
-252
-175
-217
-226
-279
-235
-142
-194
-191
-154
-188
-298
-275
-233
-218
-179
-218
-174
-305
-247
-99
-188
-127
-203
-102
-144
-271
-282
-330
-322
-291
-242
-241
-266
-235
-303
-266
-343
-314
-154
-252
-307
-329
-249
-302
-144
-348
-213
-48
-282
-200
-409
-264
-202
-101
-223
-283
-130
-328
-191
-251
-257
-193
-267
-88
-391
-226
-351
-289
-183
-316
-178
-321
-64
-370
-28
-158
-301
-36
-403
-16
-306
-143
-257
29
85
-288
-3
-333
-124
-135
-211
-63
-174
31
-259
-132
-246
-273
-301
-271
80
-213
244
-127
-187
-302
-407
-143
-209
-73
-318
120
-73
-314
-159
-348
-138
-183
-189
-83
-11
-27
-264
-135
-347
-263
-245
-201
-64
-218
107
-166
-124
-317
-336
-366
-279
-88
-282
100
-138
-158
-261
-263
-135
-134
-138
-205
157
56
-267
-265
-257
-155
-155
-164
-51
-131
-39
-238
-218
-247
-194
-129
-200
-76
-240
-53
-206
-44
-86
-288
-295
-223
-116
-371
-92
-190
-233
-236
-378
-305
-158
-155
-166
-99
-83
-291
-249
-279
-295
-335
-332
-128
-332
-206
-192
-150
-164
-210
-232
-179
-104
-280
-264
-311
-303
-185
-237
-211
-262
-248
-174
-207
-115
-220
-279
-203
-205
-248
-379
-334
-293
-198
-187
-142
-141
-159
-214
-203
-230
-227
-142
-121
-132
-267
-261
-173
-83
-207
-221
-190
-259
-238
-183
-254
-231
-154
-161
-132
-123
-189
-194
-204
-191
-193
-162
-171
-166
-156
-314
-243
-205
-134
-83
-194
-229
-182
-179
-183
-189
-203
-263
-274
-208
-239
-286
-261
-131
-143
-141
-69
-63
-123
-191
-265
-239
-254
-201
-120
-191
-253
-221
-214
-155
-117
-177
-223
-226
-235
-262
-207
-166
-209
-263
-267
-189
-161
-199
-207
-150
-222
-155
-202
-283
-254
-195
-178
-253
-216
-282
-237
-102
-139
-95
-49
-55
-211
-185
-156
-347
-370
-158
-301
-212
-126
-201
-166
-131
-207
-210
-227
-254
-345
-161
-247
-349
-153
-130
-163
-157
-173
-191
-318
-92
-242
-355
-162
-324
-236
-187
-232
-229
-343
-175
-177
-316
-120
-281
-228
-267
-294
-186
-254
-76
-142
-220
-79
-395
-227
-197
-249
-143
-313
-128
-318
-390
-170
-384
-188
-222
-295
-127
-383
-338
-255
-367
-131
-261
-176
-243
-281
-103
-372
-159
-75
-391
-140
-338
-343
-294
-196
-122
-313
-280
-207
-290
-237
-207
-315
-206
-229
-163
-163
-343
-275
-363
-345
-91
-231
-346
-253
-185
-227
-346
-193
-134
-171
-181
-72
-250
-251
-221
-162
-263
-198
-117
-258
-279
-147
-129
-182
-183
-105
-152
-366
-135
-205
-246
-211
-154
-117
-222
-223
-155
-384
-299
-198
-249
-232
-295
-218
-281
-234
-187
-198
-301
-155
-194
-195
-278
-215
-154
-145
-156
-175
-245
-205
-115
-143
-197
-225
-183
-186
-159
-262
-243
-277
-182
-179
-186
-193
-197
-127
-123
-137
-142
-235
-253
-215
-323
-338
-361
-246
-291
-246
-249
-151
-175
-187
-241
-231
-218
-228
-72
-307
-198
-141
-166
-307
-206
-229
-203
-294
-171
-273
-192
-213
-154
-335
-200
-233
-258
-326
-123
-177
-222
-271
-183
-418
-275
-351
-306
-297
-124
-139
-149
-78
-28
-362
-158
-146
-279
-114
-151
-291
-211
-209
-83
-323
-242
-205
-290
-128
-326
-353
-227
-151
-29
-307
-331
-238
-245
-59
-294
-257
-125
-183
-47
-357
-150
-151
-398
-91
-355
-268
-241
-198
-107
-342
-79
-37
-251
-83
-330
-326
-323
-271
-228
-307
-220
-185
-428
-52
-174
-248
-186
-160
-180
-223
-179
-87
-309
-162
-139
-389
-210
-158
-266
-80
-192
6
-179
-289
-136
-462
-195
-296
-297
-28
-332
-92
-39
-342
24
-288
-160
-309
-277
-133
-366
-79
-4
-365
-123
-329
-230
-214
-115
-83
-300
-204
-47
-255
-96
-167
-281
-201
-183
-155
-170
-274
-167
-317
-275
-235
-395
-258
-213
-207
-163
-297
-134
-283
-223
-91
-249
-115
-149
-167
-251
-303
-122
-197
-251
-63
-304
-178
-131
-150
-127
-315
-191
-296
-332
-200
-345
-233
-181
-154
-44
-227
-79
-114
-322
-186
-247
-166
-121
-168
-263
-343
-179
-115
-266
-185
-210
-200
-178
-286
-386
-521
-192
-127
-213
-211
-186
-171
-160
-156
-216
-286
-121
-163
-237
-224
-252
-234
-207
-152
-158
-269
-211
-188
-280
-275
-212
-192
-166
-153
-371
-531
-320
-47
-187
-274
-174
-183
-167
-159
-277
-446
-310
-137
-172
-303
-282
-217
-203
-239
-94
-210
-287
-135
-99
-262
-247
-114
-117
-144
-227
-166
-149
-139
-167
-173
-222
-259
-282
-187
-274
-279
-273
-178
-187
-135
-165
-162
-199
-211
-233
-198
-243
-133
-195
-303
-231
-181
-150
-151
-174
-133
-122
-159
-155
-157
-211
-183
-241
-236
-303
-249
-149
-142
-119
-173
-161
-87
-107
-147
-274
-263
-158
-193
-224
-235
-214
-185
-123
-135
-189
-202
-171
-178
-187
-222
-215
-154
-194
-136
-183
-209
-269
-195
-210
-173
-150
-195
-178
-107
-214
-155
-113
-161
-183
-130
-141
-162
-147
-139
-189
-294
-306
-73
-96
-283
-278
-190
-174
-171
-142
-221
-191
-183
-187
-225
-171
-134
-105
-184
-223
-166
-177
-167
-127
-93
-149
-147
-114
-71
-182
-247
-245
-153
-116
-243
-213
-226
-255
-251
-185
-193
-175
-162
-131
-162
-163
-126
-70
-175
-170
-165
-110
-123
-75
-85
-118
-151
-165
-144
-283
-262
-233
-158
-195
-313
-245
-238
-215
-179
-241
-219
-171
-137
-132
-223
-174
-145
-194
-183
-166
-221
-215
-246
-131
-174
-203
-190
-165
-180
-271
-265
-261
-291
-247
-138
-106
-95
-126
-131
-301
-195
-165
-117
-91
-135
-225
-241
-120
-123
-620
-1444
-1980
